No;Tanggal;Nama Pengeluaran;Jumlah Biaya;Kategori Pengeluaran;;
1;01/01/2023;Kuota Internet;100000;Pengeluaran Tetap;;
2;01/01/2023;Makan Pagi;16000;Pengeluaran Pribadi;;
3;01/01/2023;Bahan Bakar;12000;Pengeluaran Transportasi;;
4;01/01/2023;Makan Siang;26000;Pengeluaran Pribadi;;
5;01/01/2023;Makan Malam;24000;Pengeluaran Pribadi;;
6;01/01/2023;Listrik;50000;Pengeluaran Tetap;;
7;02/01/2023;Makan Pagi;25000;Pengeluaran Pribadi;;
8;02/01/2023;Makan Siang;25000;Pengeluaran Pribadi;;
9;02/01/2023;Makan Malam;25000;Pengeluaran Pribadi;;
10;02/01/2023;Bahan Bakar;20000;Pengeluaran Transportasi;;
11;03/01/2023;Makan Pagi;20000;Pengeluaran Pribadi;;
12;03/01/2023;Makan Siang;20000;Pengeluaran Pribadi;;
13;03/01/2023;Makan Malam;18000;Pengeluaran Pribadi;;
14;03/01/2023;Transportasi;10000;Pengeluaran Transportasi;;
15;04/01/2023;Makan Pagi;15000;Pengeluaran Pribadi;;
16;04/01/2023;Makan Siang;26000;Pengeluaran Pribadi;;
17;04/01/2023;Makan Malam;22000;Pengeluaran Pribadi;;
18;04/01/2023;Transportasi;13000;Pengeluaran Transportasi;;
19;04/01/2023;Listrik;50000;Pengeluaran Tetap;;
20;05/01/2023;Makan Pagi;17000;Pengeluaran Pribadi;;
21;05/01/2023;Makan Siang;27000;Pengeluaran Pribadi;;
22;05/01/2023;Makan Malam;23000;Pengeluaran Pribadi;;
23;05/01/2023;Transportasi;14000;Pengeluaran Transportasi;;
24;06/01/2023;Makan Pagi;19000;Pengeluaran Pribadi;;
25;06/01/2023;Makan Siang;28000;Pengeluaran Pribadi;;
26;06/01/2023;Makan Malam;25000;Pengeluaran Pribadi;;
27;06/01/2023;Transportasi;15000;Pengeluaran Transportasi;;
28;07/01/2023;Makan Pagi;21000;Pengeluaran Pribadi;;
29;07/01/2023;Makan Siang;29000;Pengeluaran Pribadi;;
30;07/01/2023;Makan Malam;27000;Pengeluaran Pribadi;;
31;07/01/2023;Transportasi;16000;Pengeluaran Transportasi;;
32;08/01/2023;Makan Pagi;23000;Pengeluaran Pribadi;;
33;08/01/2023;Listrik;50000;Pengeluaran Tetap;;
34;08/01/2023;Makan Siang;30000;Pengeluaran Pribadi;;
35;08/01/2023;Makan Malam;28000;Pengeluaran Pribadi;;
36;08/01/2023;Transportasi;17000;Pengeluaran Transportasi;;
37;09/01/2023;Makan Pagi;25000;Pengeluaran Pribadi;;
38;09/01/2023;Makan Siang;31000;Pengeluaran Pribadi;;
39;09/01/2023;Makan Malam;29000;Pengeluaran Pribadi;;
40;09/01/2023;Transportasi;18000;Pengeluaran Transportasi;;
41;10/01/2023;Makan Pagi;27000;Pengeluaran Pribadi;;
42;10/01/2023;Makan Siang;32000;Pengeluaran Pribadi;;
43;10/01/2023;Makan Malam;30000;Pengeluaran Pribadi;;
44;10/01/2023;Transportasi;19000;Pengeluaran Transportasi;;
45;11/01/2023;Makan Pagi;29000;Pengeluaran Pribadi;;
46;11/01/2023;Makan Siang;33000;Pengeluaran Pribadi;;
47;11/01/2023;Makan Malam;31000;Pengeluaran Pribadi;;
48;11/01/2023;Transportasi;20000;Pengeluaran Transportasi;;
49;12/01/2023;Makan Pagi;31000;Pengeluaran Pribadi;;
50;12/01/2023;Makan Siang;34000;Pengeluaran Pribadi;;
51;12/01/2023;Makan Malam;32000;Pengeluaran Pribadi;;
52;12/01/2023;Transportasi;21000;Pengeluaran Transportasi;;
53;13/01/2023;Makan Pagi;33000;Pengeluaran Pribadi;;
54;13/01/2023;Makan Siang;35000;Pengeluaran Pribadi;;
55;13/01/2023;Makan Malam;33000;Pengeluaran Pribadi;;
56;13/01/2023;Transportasi;22000;Pengeluaran Transportasi;;
57;14/01/2023;Makan Pagi;35000;Pengeluaran Pribadi;;
58;14/01/2023;Makan Siang;36000;Pengeluaran Pribadi;;
59;14/01/2023;Listrik;50000;Pengeluaran Tetap;;
60;14/01/2023;Makan Malam;34000;Pengeluaran Pribadi;;
61;14/01/2023;Transportasi;23000;Pengeluaran Transportasi;;
62;15/01/2023;Makan Pagi;36000;Pengeluaran Pribadi;;
63;15/01/2023;Makan Siang;37000;Pengeluaran Pribadi;;
64;15/01/2023;Makan Malam;35000;Pengeluaran Pribadi;;
65;15/01/2023;Transportasi;24000;Pengeluaran Transportasi;;
66;16/01/2023;Makan Pagi;37000;Pengeluaran Pribadi;;
67;16/01/2023;Makan Siang;38000;Pengeluaran Pribadi;;
68;16/01/2023;Makan Malam;36000;Pengeluaran Pribadi;;
69;16/01/2023;Transportasi;25000;Pengeluaran Transportasi;;
70;17/01/2023;Makan Pagi;38000;Pengeluaran Pribadi;;
71;17/01/2023;Makan Siang;39000;Pengeluaran Pribadi;;
72;17/01/2023;Makan Malam;37000;Pengeluaran Pribadi;;
73;17/01/2023;Transportasi;26000;Pengeluaran Transportasi;;
74;18/01/2023;Makan Pagi;39000;Pengeluaran Pribadi;;
75;18/01/2023;Makan Siang;40000;Pengeluaran Pribadi;;
76;18/01/2023;Makan Malam;38000;Pengeluaran Pribadi;;
77;18/01/2023;Listrik;50000;Pengeluaran Tetap;;
78;18/01/2023;Transportasi;27000;Pengeluaran Transportasi;;
79;19/01/2023;Makan Pagi;40000;Pengeluaran Pribadi;;
80;19/01/2023;Makan Siang;41000;Pengeluaran Pribadi;;
81;19/01/2023;Makan Malam;39000;Pengeluaran Pribadi;;
82;19/01/2023;Transportasi;28000;Pengeluaran Transportasi;;
83;20/01/2023;Makan Pagi;41000;Pengeluaran Pribadi;;
84;20/01/2023;Makan Siang;42000;Pengeluaran Pribadi;;
85;20/01/2023;Makan Malam;40000;Pengeluaran Pribadi;;
86;20/01/2023;Transportasi;29000;Pengeluaran Transportasi;;
87;21/01/2023;Makan Pagi;42000;Pengeluaran Pribadi;;
88;21/01/2023;Makan Siang;43000;Pengeluaran Pribadi;;
89;21/01/2023;Makan Malam;41000;Pengeluaran Pribadi;;
90;21/01/2023;Transportasi;30000;Pengeluaran Transportasi;;
91;22/01/2023;Makan Pagi;43000;Pengeluaran Pribadi;;
92;22/01/2023;Makan Siang;44000;Pengeluaran Pribadi;;
93;22/01/2023;Makan Malam;42000;Pengeluaran Pribadi;;
94;22/01/2023;Listrik;50000;Pengeluaran Tetap;;
95;22/01/2023;Transportasi;31000;Pengeluaran Transportasi;;
96;23/01/2023;Makan Pagi;44000;Pengeluaran Pribadi;;
97;23/01/2023;Makan Siang;45000;Pengeluaran Pribadi;;
98;23/01/2023;Makan Malam;43000;Pengeluaran Pribadi;;
99;23/01/2023;Transportasi;32000;Pengeluaran Transportasi;;
100;24/01/2023;Makan Pagi;45000;Pengeluaran Pribadi;;
101;24/01/2023;Makan Siang;46000;Pengeluaran Pribadi;;
102;24/01/2023;Makan Malam;44000;Pengeluaran Pribadi;;
103;24/01/2023;Transportasi;33000;Pengeluaran Transportasi;;
104;25/01/2023;Makan Pagi;46000;Pengeluaran Pribadi;;
105;25/01/2023;Makan Siang;47000;Pengeluaran Pribadi;;
106;25/01/2023;Makan Malam;45000;Pengeluaran Pribadi;;
107;25/01/2023;Transportasi;34000;Pengeluaran Transportasi;;
108;26/01/2023;Makan Pagi;47000;Pengeluaran Pribadi;;
109;26/01/2023;Makan Siang;48000;Pengeluaran Pribadi;;
110;26/01/2023;Makan Malam;46000;Pengeluaran Pribadi;;
111;26/01/2023;Transportasi;35000;Pengeluaran Transportasi;;
112;27/01/2023;Makan Pagi;48000;Pengeluaran Pribadi;;
113;27/01/2023;Listrik;50000;Pengeluaran Tetap;;
114;27/01/2023;Makan Siang;49000;Pengeluaran Pribadi;;
115;27/01/2023;Makan Malam;47000;Pengeluaran Pribadi;;
116;27/01/2023;Transportasi;36000;Pengeluaran Transportasi;;
117;28/01/2023;Makan Pagi;49000;Pengeluaran Pribadi;;
118;28/01/2023;Makan Siang;50000;Pengeluaran Pribadi;;
119;28/01/2023;Makan Malam;48000;Pengeluaran Pribadi;;
120;28/01/2023;Transportasi;37000;Pengeluaran Transportasi;;
121;29/01/2023;Makan Pagi;50000;Pengeluaran Pribadi;;
122;29/01/2023;Makan Siang;51000;Pengeluaran Pribadi;;
123;29/01/2023;Makan Malam;49000;Pengeluaran Pribadi;;
124;29/01/2023;Transportasi;38000;Pengeluaran Transportasi;;
125;30/01/2023;Makan Pagi;51000;Pengeluaran Pribadi;;
126;30/01/2023;Makan Siang;52000;Pengeluaran Pribadi;;
127;30/01/2023;Makan Malam;50000;Pengeluaran Pribadi;;
128;30/01/2023;Transportasi;39000;Pengeluaran Transportasi;;
129;31/01/2023;Makan Pagi;52000;Pengeluaran Pribadi;;
130;31/01/2023;Listrik;50000;Pengeluaran Tetap;;
131;31/01/2023;Makan Siang;53000;Pengeluaran Pribadi;;
132;31/01/2023;Makan Malam;51000;Pengeluaran Pribadi;;
133;31/01/2023;Transportasi;40000;Pengeluaran Transportasi;;
134;31/01/2023;Sewa Kos;1200000;Pengeluaran Tetap;;
135;01/02/2023;Makan Pagi;53000;Pengeluaran Pribadi;;
136;01/02/2023;Kuota Internet;80000;Pengeluaran Tetap;;
137;01/02/2023;Makan Siang;54000;Pengeluaran Pribadi;;
138;01/02/2023;Makan Malam;52000;Pengeluaran Pribadi;;
139;01/02/2023;Transportasi;41000;Pengeluaran Transportasi;;
140;02/02/2023;Makan Pagi;54000;Pengeluaran Pribadi;;
141;02/02/2023;Makan Siang;55000;Pengeluaran Pribadi;;
142;02/02/2023;Makan Malam;53000;Pengeluaran Pribadi;;
143;02/02/2023;Transportasi;32000;Pengeluaran Transportasi;;
144;02/02/2023;Listrik;50000;Pengeluaran Tetap;;
145;03/02/2023;Makan Pagi;55000;Pengeluaran Pribadi;;
146;03/02/2023;Makan Siang;56000;Pengeluaran Pribadi;;
147;03/02/2023;Makan Malam;54000;Pengeluaran Pribadi;;
148;03/02/2023;Transportasi;43000;Pengeluaran Transportasi;;
149;04/02/2023;Makan Pagi;56000;Pengeluaran Pribadi;;
150;04/02/2023;Makan Siang;27000;Pengeluaran Pribadi;;
151;04/02/2023;Makan Malam;35000;Pengeluaran Pribadi;;
152;04/02/2023;Transportasi;24000;Pengeluaran Transportasi;;
153;05/02/2023;Makan Pagi;37000;Pengeluaran Pribadi;;
153;05/02/2023;Makan Siang;26000;Pengeluaran Pribadi;;
153;05/02/2023;Makan Malam;22000;Pengeluaran Pribadi;;
154;06/02/2023;Makan Pagi;23000;Pengeluaran Pribadi;;
155;06/02/2023;Bahan Bakar;26000;Pengeluaran Transportasi;;
156;06/02/2023;Makan Siang;29000;Pengeluaran Pribadi;;
157;06/02/2023;Makan Malam;23000;Pengeluaran Pribadi;;
158;07/02/2023;Makan Pagi;25000;Pengeluaran Pribadi;;
159;07/02/2023;Bahan Bakar;28000;Pengeluaran Transportasi;;
160;07/02/2023;Makan Siang;27000;Pengeluaran Pribadi;;
161;07/02/2023;Makan Malam;24000;Pengeluaran Pribadi;;
162;08/02/2023;Makan Pagi;21000;Pengeluaran Pribadi;;
163;08/02/2023;Bahan Bakar;29000;Pengeluaran Transportasi;;
164;08/02/2023;Makan Siang;26000;Pengeluaran Pribadi;;
165;08/02/2023;Makan Malam;22000;Pengeluaran Pribadi;;
166;09/02/2023;Makan Pagi;24000;Pengeluaran Pribadi;;
167;09/02/2023;Bahan Bakar;27000;Pengeluaran Transportasi;;
168;09/02/2023;Makan Siang;28000;Pengeluaran Pribadi;;
169;09/02/2023;Makan Malam;25000;Pengeluaran Pribadi;;
170;10/02/2023;Makan Pagi;26000;Pengeluaran Pribadi;;
171;10/02/2023;Ojek Online;25000;Pengeluaran Transportasi;;
172;10/02/2023;Makan Siang;27000;Pengeluaran Pribadi;;
173;10/02/2023;Makan Malam;23000;Pengeluaran Pribadi;;
174;11/02/2023;Makan Pagi;23000;Pengeluaran Pribadi;;
175;11/02/2023;Ojek Online;28000;Pengeluaran Transportasi;;
176;11/02/2023;Makan Siang;29000;Pengeluaran Pribadi;;
177;11/02/2023;Makan Malam;24000;Pengeluaran Pribadi;;
178;12/02/2023;Makan Pagi;22000;Pengeluaran Pribadi;;
179;12/02/2023;Ojek Online;26000;Pengeluaran Transportasi;;
180;12/02/2023;Makan Siang;28000;Pengeluaran Pribadi;;
181;12/02/2023;Makan Malam;27000;Pengeluaran Pribadi;;
182;13/02/2023;Makan Pagi;25000;Pengeluaran Pribadi;;
183;13/02/2023;Ojek Online;30000;Pengeluaran Transportasi;;
184;13/02/2023;Makan Siang;29000;Pengeluaran Pribadi;;
185;13/02/2023;Makan Malam;26000;Pengeluaran Pribadi;;
186;14/02/2023;Makan Pagi;23000;Pengeluaran Pribadi;;
187;14/02/2023;Ojek Online;28000;Pengeluaran Transportasi;;
188;14/02/2023;Makan Siang;27000;Pengeluaran Pribadi;;
189;14/02/2023;Makan Malam;24000;Pengeluaran Pribadi;;
190;15/02/2023;Makan Pagi;22000;Pengeluaran Pribadi;;
191;15/02/2023;Bahan Bakar;29000;Pengeluaran Transportasi;;
192;15/02/2023;Makan Siang;26000;Pengeluaran Pribadi;;
193;15/02/2023;Makan Malam;23000;Pengeluaran Pribadi;;
194;16/02/2023;Makan Pagi;24000;Pengeluaran Pribadi;;
195;16/02/2023;Bahan Bakar;27000;Pengeluaran Transportasi;;
196;16/02/2023;Makan Siang;28000;Pengeluaran Pribadi;;
197;16/02/2023;Makan Malam;25000;Pengeluaran Pribadi;;
198;17/02/2023;Makan Pagi;26000;Pengeluaran Pribadi;;
199;17/02/2023;Bahan Bakar;26000;Pengeluaran Transportasi;;
200;17/02/2023;Makan Siang;27000;Pengeluaran Pribadi;;
201;17/02/2023;Makan Malam;24000;Pengeluaran Pribadi;;
202;18/02/2023;Makan Pagi;25000;Pengeluaran Pribadi;;
203;18/02/2023;Bahan Bakar;28000;Pengeluaran Transportasi;;
204;18/02/2023;Makan Siang;28000;Pengeluaran Pribadi;;
205;18/02/2023;Makan Malam;27000;Pengeluaran Pribadi;;
206;19/02/2023;Makan Pagi;23000;Pengeluaran Pribadi;;
207;19/02/2023;Bahan Bakar;27000;Pengeluaran Transportasi;;
208;19/02/2023;Makan Siang;28000;Pengeluaran Pribadi;;
209;19/02/2023;Makan Malam;25000;Pengeluaran Pribadi;;
210;20/02/2023;Makan Pagi;24000;Pengeluaran Pribadi;;
211;20/02/2023;Bahan Bakar;30000;Pengeluaran Transportasi;;
212;20/02/2023;Makan Siang;29000;Pengeluaran Pribadi;;
213;20/02/2023;Makan Malam;26000;Pengeluaran Pribadi;;
214;21/02/2023;Makan Pagi;22000;Pengeluaran Pribadi;;
215;21/02/2023;Bahan Bakar;28000;Pengeluaran Transportasi;;
216;21/02/2023;Makan Siang;27000;Pengeluaran Pribadi;;
217;21/02/2023;Makan Malam;24000;Pengeluaran Pribadi;;
218;22/02/2023;Makan Pagi;21000;Pengeluaran Pribadi;;
219;22/02/2023;Bahan Bakar;29000;Pengeluaran Transportasi;;
220;22/02/2023;Ojek Online;46000;Pengeluaran Pribadi;;
221;22/02/2023;Makan Malam;22000;Pengeluaran Pribadi;;
222;23/02/2023;Makan Pagi;25000;Pengeluaran Pribadi;;
223;23/02/2023;Ojek Online;40000;Pengeluaran Transportasi;;
224;23/02/2023;Makan Siang;28000;Pengeluaran Pribadi;;
225;23/02/2023;Makan Malam;25000;Pengeluaran Pribadi;;
226;24/02/2023;Makan Pagi;26000;Pengeluaran Pribadi;;
227;24/02/2023;Ojek Online;36000;Pengeluaran Transportasi;;
228;24/02/2023;Makan Siang;27000;Pengeluaran Pribadi;;
229;24/02/2023;Makan Malam;24000;Pengeluaran Pribadi;;
230;25/02/2023;Makan Pagi;25000;Pengeluaran Pribadi;;
231;25/02/2023;Ojek Online;40000;Pengeluaran Transportasi;;
232;25/02/2023;Makan Siang;28000;Pengeluaran Pribadi;;
233;25/02/2023;Makan Malam;27000;Pengeluaran Pribadi;;
234;26/02/2023;Makan Pagi;24000;Pengeluaran Pribadi;;
235;26/02/2023;Ojek Online;29000;Pengeluaran Transportasi;;
236;26/02/2023;Makan Siang;29000;Pengeluaran Pribadi;;
237;26/02/2023;Makan Malam;26000;Pengeluaran Pribadi;;
238;27/02/2023;Makan Pagi;23000;Pengeluaran Pribadi;;
239;27/02/2023;Ojek Online;37000;Pengeluaran Transportasi;;
240;27/02/2023;Makan Siang;28000;Pengeluaran Pribadi;;
241;27/02/2023;Makan Malam;25000;Pengeluaran Pribadi;;
242;28/02/2023;Makan Pagi;22000;Pengeluaran Pribadi;;
243;28/02/2023;Ojek Online;38000;Pengeluaran Transportasi;;
244;28/02/2023;Makan Siang;29000;Pengeluaran Pribadi;;
245;28/02/2023;Makan Malam;27000;Pengeluaran Pribadi;;
246;28/02/2023;Sewa Kos;1000000;Pengeluaran Tetap;;
247;01/03/2023;Pulsa Listrik;250000;Pengeluaran Tetap;;
248;01/03/2023;Belanja Bahan Makanan;300000;Pengeluaran Tetap;;
249;01/03/2023;Bensin Motor;15000;Pengeluaran Transportasi;;
250;02/03/2023;Buku Pelajaran Anak;150000;Pengeluaran Pendidikan;;
251;02/03/2023;Bensin Motor;20000;Pengeluaran Transportasi;;
252;03/03/2023;Potongan Rambut;20000;Pengeluaran Pribadi;;
253;03/03/2023;Ban Dalam Motor;40000;Pengeluaran Transportasi;;
254;03/03/2023;Bensin Motor;25000;Pengeluaran Transportasi;;
255;04/03/2023;Bensin Motor;15000;Pengeluaran Transportasi;;
256;05/03/2023;Pulsa Listrik;250000;Pengeluaran Tetap;;
257;05/03/2023;Beli Pakaian;200000;Pengeluaran Pribadi;;
258;05/03/2023;Bensin Motor;15000;Pengeluaran Transportasi;;
259;06/03/2023;Uang Sekolah Anak;250000;Pengeluaran Pendidikan;;
260;06/03/2023;Bensin Motor;10000;Pengeluaran Transportasi;;
261;07/03/2023;Bensin Motor;15000;Pengeluaran Transportasi;;
262;08/03/2023;Skincare;100000;Pengeluaran Pribadi;;
263;08/03/2023;Bensin Motor;20000;Pengeluaran Transportasi;;
264;09/03/2023;Alat Tulis Anak;50000;Pengeluaran Pendidikan;;
265;09/03/2023;Bensin Motor;13000;Pengeluaran Transportasi;;
266;10/03/2023;Gas Lpg;166000;Pengeluaran Tetap;;
267;10/03/2023;P3k;75000;Pengeluaran Pribadi;;
268;10/03/2023;Bensin Motor;15000;Pengeluaran Transportasi;;
269;13/03/2023;Uang Sekolah Anak;250000;Pengeluaran Pendidikan;;
270;13/03/2023;Bensin Motor;20000;Pengeluaran Transportasi;;
271;14/03/2023;Alat Olahraga Anak;150000;Pengeluaran Pendidikan;;
272;14/03/2023;Bensin Motor;25000;Pengeluaran Transportasi;;
273;15/03/2023;Pulsa Listrik;100000;Pengeluaran Tetap;;
274;15/03/2023;Kuota Internet;250000;Pengeluaran Pribadi;;
275;15/03/2023;Bensin Motor;15000;Pengeluaran Transportasi;;
276;16/03/2023;Buku Pelajaran Anak;50000;Pengeluaran Pendidikan;;
277;16/03/2023;Bensin Motor;20000;Pengeluaran Transportasi;;
278;17/03/2023;Belanja Bahan Makanan;250000;Pengeluaran Tetap;;
279;17/03/2023;Bensin Motor;25000;Pengeluaran Transportasi;;
280;20/03/2023;Uang Sekolah Anak;250000;Pengeluaran Pendidikan;;
281;20/03/2023;Tagihan Air;150000;Pengeluaran Tetap;;
282;20/03/2023;Beli Pakaian;200000;Pengeluaran Pribadi;;
283;20/03/2023;Bensin Motor;15000;Pengeluaran Transportasi;;
284;20/03/2023;Wifi;450000;Pengeluaran Tetap;;
285;21/03/2023;Bensin Motor;20000;Pengeluaran Transportasi;;
286;21/03/2023;Uang Sekolah Anak;250000;Pengeluaran Pendidikan;;
287;22/03/2023;Bensin Motor;25000;Pengeluaran Transportasi;;
288;23/03/2023;Skincare;150000;Pengeluaran Pribadi;;
289;23/03/2023;Parkir Bulanan;350000;Pengeluaran Transportasi;;
290;23/03/2023;Bensin Motor;15000;Pengeluaran Transportasi;;
291;24/03/2023;Bensin Motor;20000;Pengeluaran Transportasi;;
292;25/03/2023;Bensin Motor;25000;Pengeluaran Transportasi;;
293;27/03/2023;Uang Sekolah Anak;250000;Pengeluaran Pendidikan;;
294;27/03/2023;Sedekah;50000;Pengeluaran Sosial;;
295;27/03/2023;Bensin Motor;15000;Pengeluaran Transportasi;;
296;28/03/2023;Nonton Bioskop;150000;Pengeluaran Pribadi;;
297;28/03/2023;Bensin Motor;20000;Pengeluaran Transportasi;;
298;29/03/2023;Alat Olahraga Anak;150000;Pengeluaran Pendidikan;;
299;29/03/2023;Bensin Motor;25000;Pengeluaran Transportasi;;
300;30/03/2023;Pulsa Listrik;250000;Pengeluaran Tetap;;
301;30/03/2023;Bensin Motor;15000;Pengeluaran Transportasi;;
302;31/03/2023;Buku Pelajaran Anak;70000;Pengeluaran;;
303;31/03/2023;Bensin Motor;10000;Pengeluaran Transportasi;;
304;01/04/2023;Belanja Harian;50000;Pengeluaran Pribadi;;
305;01/04/2023;Bensin;60000;Pengeluaran Transportasi;;
306;01/04/2023;Makan Siang di Luar;40000;Pengeluaran Pribadi;;
307;02/04/2023;Angsuran Mobil;3500000;Pengeluaran Tetap;;
308;02/04/2023;Belanja Harian;60000;Pengeluaran Pribadi;;
309;02/04/2023;Bensin;100000;Pengeluaran Transportasi;;
310;03/04/2023;Belanja Harian;60000;Pengeluaran Pribadi;;
311;04/04/2023;Belanja Harian;70000;Pengeluaran Pribadi;;
312;04/04/2023;Cemilan;20000;Pengeluaran Transportasi;;
313;05/04/2023;Belanja Harian;30000;Pengeluaran Pribadi;;
314;05/04/2023;Bensin ;75000;Pengeluaran Transportasi;;
315;05/04/2023;Makan Siang di Luar;65000;Pengeluaran Pribadi;;
316;06/04/2023;Makan Pagi;30000;Pengeluaran Pribadi;;
317;06/04/2023;Listrik;150000;Pengeluaran Tetap;;
318;07/04/2023;Belanja Harian;70000;Pengeluaran Pribadi;;
319;07/04/2023;Bensin;65000;Pengeluaran Transportasi;;
320;07/04/2023;Makan Siang di Luar;72000;Pengeluaran Pribadi;;
321;07/04/2023;Nonton Bioskop;100000;Pengeluaran Sosial;;
322;08/04/2023;Belanja Harian;69000;Pengeluaran Pribadi;;
323;08/04/2023;Makan Malam di Luar;73000;Pengeluaran Pribadi;;
324;08/04/2023;Cemilan;45000;Pengeluaran Transportasi;;
325;09/04/2023;Belanja Harian;65000;Pengeluaran Pribadi;;
326;09/04/2023;Bensin;72000;Pengeluaran Transportasi;;
327;09/04/2023;Makan Siang di Luar;75000;Pengeluaran Pribadi;;
328;10/04/2023;Belanja Harian;74000;Pengeluaran Pribadi;;
329;10/04/2023;Makan Malam di Luar;76000;Pengeluaran Pribadi;;
330;10/04/2023;Cemilan;20000;Pengeluaran Transportasi;;
331;11/04/2023;Belanja Harian;40000;Pengeluaran Pribadi;;
332;11/04/2023;Bensin;75000;Pengeluaran Transportasi;;
333;11/04/2023;Makan Siang di Luar;77000;Pengeluaran Pribadi;;
334;12/04/2023;Belanja Harian;76000;Pengeluaran Pribadi;;
335;12/04/2023;Makan Malam di Luar;72000;Pengeluaran Pribadi;;
336;12/04/2023;Listrik;150000;Pengeluaran Tetap;;
337;13/04/2023;Belanja Harian;70000;Pengeluaran Pribadi;;
338;13/04/2023;Bensin ;65000;Pengeluaran Transportasi;;
339;14/04/2023;Belanja Harian;68000;Pengeluaran Pribadi;;
340;14/04/2023;Bensin;50000;Pengeluaran Transportasi;;
341;15/04/2023;Belanja Harian;60000;Pengeluaran Pribadi;;
342;15/04/2023;Makan Siang di Luar;70000;Pengeluaran Pribadi;;
343;16/04/2023;Belanja Harian;70000;Pengeluaran Pribadi;;
344;16/04/2023;Cemilan;50000;Pengeluaran Pribadi;;
345;16/04/2023;Listrik;100000;Pengeluaran Tetap;;  
346;17/04/2023;Bensin ;60000;Pengeluaran Transportasi;;
347;17/04/2023;Makan Siang di Luar;71000;Pengeluaran Pribadi;;
348;18/04/2023;Belanja Harian;70000;Pengeluaran Pribadi;;
349;18/04/2023;Makan Siang di Luar;40000;Pengeluaran Pribadi;;
350;18/04/2023;Bensin;69000;Pengeluaran Transportasi;;
351;19/04/2023;Belanja Harian;60000;Pengeluaran Pribadi;;
352;19/04/2023;Bensin ;50000;Pengeluaran Transportasi;;
353;19/04/2023;Makan Siang di Luar;50000;Pengeluaran Pribadi;;
354;20/04/2023;Belanja Harian;67000;Pengeluaran Pribadi;;
355;20/04/2023;Bensin;70000;Pengeluaran Transportasi;;
356;20/04/2023;Wifi;365000;Pengeluaran Tetap;;
356;21/04/2023;Belanja Harian;69000;Pengeluaran Pribadi;;
357;21/04/2023;Bensin ;60000;Pengeluaran Transportasi;;
358;21/04/2023;Makan Siang di Luar;35000;Pengeluaran Pribadi;;
359;22/04/2023;Belanja Harian;70000;Pengeluaran Pribadi;;
360;22/04/2023;Listrik;150000;Pengeluaran Tetap;;
361;23/04/2023;Belanja Harian;50000;Pengeluaran Pribadi;;
362;23/04/2023;Bensin ;50000;Pengeluaran Transportasi;;
363;23/04/2023;Makan Siang di Luar;50000;Pengeluaran Pribadi;;
364;24/04/2023;Belanja Harian;60000;Pengeluaran Pribadi;;
365;24/04/2023;Makan Malam di Luar;30000;Pengeluaran Pribadi;;
366;24/04/2023;Bensin;70000;Pengeluaran Transportasi;;
367;25/04/2023;Belanja Harian;30000;Pengeluaran Pribadi;;
368;25/04/2023;Bensin ;70000;Pengeluaran Transportasi;;
369;25/04/2023;Makan Siang di Luar;40000;Pengeluaran Pribadi;;
370;26/04/2023;Belanja Harian;30000;Pengeluaran Pribadi;;
371;26/04/2023;Bensin;69000;Pengeluaran Transportasi;;
372;27/04/2023;Belanja Harian;55000;Pengeluaran Pribadi;;
373;27/04/2023;Bensin ;50000;Pengeluaran Transportasi;;
374;27/04/2023;Makan Siang di Luar;72000;Pengeluaran Pribadi;;
375;28/04/2023;Belanja Harian;50000;Pengeluaran Pribadi;;
376;28/04/2023;Listrik;200000;Pengeluaran Tetap;;
377;29/04/2023;Belanja Harian;50000;Pengeluaran Pribadi;;
378;29/04/2023;Bensin;60000;Pengeluaran Transportasi;;
379;29/04/2023;Makan Siang di Luar;35000;Pengeluaran Pribadi;;
380;30/04/2023;Belanja Harian;55000;Pengeluaran Pribadi;;
381;30/04/2023;Bensin ;50000;Pengeluaran Pribadi;;
382;01/05/2023;Makan Pagi;16000;Pengeluaran Pribadi;;
383;01/05/2023;Makan Siang;26000;Pengeluaran Pribadi;;
384;01/05/2023;Makan Malam;24000;Pengeluaran Pribadi;;
385;01/05/2023;Bensin;12000;Pengeluaran Transportasi;;
386;02/05/2023;Makan Pagi;25000;Pengeluaran Pribadi;;
387;02/05/2023;Makan Siang;25000;Pengeluaran Pribadi;;
388;02/05/2023;Makan Malam;25000;Pengeluaran Pribadi;;
389;02/05/2023;Bensin;20000;Pengeluaran Transportasi;;
390;03/05/2023;Makan Pagi;20000;Pengeluaran Pribadi;;
391;03/05/2023;Makan Siang;20000;Pengeluaran Pribadi;;
392;03/05/2023;Makan Malam;18000;Pengeluaran Pribadi;;
393;03/05/2023;Bensin ;10000;Pengeluaran Transportasi;;
394;04/05/2023;Makan Pagi;15000;Pengeluaran Pribadi;;
395;04/05/2023;Makan Siang;26000;Pengeluaran Pribadi;;
396;04/05/2023;Makan Malam;22000;Pengeluaran Pribadi;;
397;04/05/2023;Bensin ;13000;Pengeluaran Transportasi;;
398;05/05/2023;Makan Pagi;17000;Pengeluaran Pribadi;;
399;05/05/2023;Makan Siang;27000;Pengeluaran Pribadi;;
400;05/05/2023;Makan Malam;23000;Pengeluaran Pribadi;;
401;05/05/2023;Bensin ;10000;Pengeluaran Transportasi;;
402;06/05/2023;Makan Pagi;15000;Pengeluaran Pribadi;;
403;06/05/2023;Makan Siang;25000;Pengeluaran Pribadi;;
404;06/05/2023;Makan Malam;25000;Pengeluaran Pribadi;;
405;06/05/2023;Ojek Online;35000;Pengeluaran Transportasi;;
406;07/05/2023;Makan Pagi;18000;Pengeluaran Pribadi;;
407;07/05/2023;Makan Siang;30000;Pengeluaran Pribadi;;
408;07/05/2023;Makan Malam;27000;Pengeluaran Pribadi;;
409;07/05/2023;Bensin ;16000;Pengeluaran Transportasi;;
410;08/05/2023;Makan Pagi;23000;Pengeluaran Pribadi;;
411;08/05/2023;Makan Siang;30000;Pengeluaran Pribadi;;
412;08/05/2023;Makan Malam;24000;Pengeluaran Pribadi;;
413;08/05/2023;Bensin ;17000;Pengeluaran Transportasi;;
414;09/05/2023;Makan Pagi;25000;Pengeluaran Pribadi;;
415;09/05/2023;Makan Siang;31000;Pengeluaran Pribadi;;
416;09/05/2023;Makan Malam;29000;Pengeluaran Pribadi;;
417;09/05/2023;Bensin;10000;Pengeluaran Transportasi;;
418;10/05/2023;Makan Pagi;20000;Pengeluaran Pribadi;;
419;10/05/2023;Makan Siang;32000;Pengeluaran Pribadi;;
420;10/05/2023;Makan Malam;30000;Pengeluaran Pribadi;;
421;10/05/2023;Ojek Online;35000;Pengeluaran Transportasi;;
422;11/05/2023;Makan Pagi;17000;Pengeluaran Pribadi;;
423;11/05/2023;Makan Siang;33000;Pengeluaran Pribadi;;
424;11/05/2023;Makan Malam;31000;Pengeluaran Pribadi;;
425;11/05/2023;Bensin ;10000;Pengeluaran Transportasi;;
426;12/05/2023;Makan Pagi;20000;Pengeluaran Pribadi;;
427;12/05/2023;Makan Siang;34000;Pengeluaran Pribadi;;
428;12/05/2023;Makan Malam;25000;Pengeluaran Pribadi;;
429;12/05/2023;Ojek Online;38000;Pengeluaran Transportasi;;
430;13/05/2023;Makan Pagi;20000;Pengeluaran Pribadi;;
431;13/05/2023;Makan Siang;25000;Pengeluaran Pribadi;;
432;13/05/2023;Makan Malam;20000;Pengeluaran Pribadi;;
433;13/05/2023;Bensin ;13000;Pengeluaran Transportasi;;
434;14/05/2023;Makan Pagi;15000;Pengeluaran Pribadi;;
435;14/05/2023;Makan Siang;20000;Pengeluaran Pribadi;;
436;14/05/2023;Makan Malam;20000;Pengeluaran Pribadi;;
437;14/05/2023;Bensin;10000;Pengeluaran Transportasi;;
438;15/05/2023;Makan Pagi;15000;Pengeluaran Pribadi;;
439;15/05/2023;Makan Siang;30000;Pengeluaran Pribadi;;
440;15/05/2023;Makan Malam;25000;Pengeluaran Pribadi;;
441;16/05/2023;Makan Pagi;16000;Pengeluaran Pribadi;;
442;16/05/2023;Makan Siang;20000;Pengeluaran Pribadi;;
443;16/05/2023;Makan Malam;20000;Pengeluaran Pribadi;;
444;17/05/2023;Makan Pagi;15000;Pengeluaran Pribadi;;
445;17/05/2023;Makan Siang;20000;Pengeluaran Pribadi;;
446;17/05/2023;Makan Malam;20000;Pengeluaran Pribadi;;
447;17/05/2023;Bensin ;10000;Pengeluaran Transportasi;;
448;18/05/2023;Makan Pagi;10000;Pengeluaran Pribadi;;
449;18/05/2023;Makan Siang;15000;Pengeluaran Pribadi;;
450;18/05/2023;Makan Malam;20000;Pengeluaran Pribadi;;
451;18/05/2023;Bensin ;10000;Pengeluaran Transportasi;;
452;19/05/2023;Makan Pagi;20000;Pengeluaran Pribadi;;
453;19/05/2023;Makan Siang;20000;Pengeluaran Pribadi;;
454;19/05/2023;Makan Malam;25000;Pengeluaran Pribadi;;
455;19/05/2023;Bensin ;10000;Pengeluaran Transportasi;;
456;20/05/2023;Makan Pagi;15000;Pengeluaran Pribadi;;
457;20/05/2023;Makan Siang;20000;Pengeluaran Pribadi;;
458;20/05/2023;Makan Malam;30000;Pengeluaran Pribadi;;
459;20/05/2023;Bensin ;10000;Pengeluaran Transportasi;;
460;21/05/2023;Makan Pagi;18000;Pengeluaran Pribadi;;
461;21/05/2023;Makan Siang;25000;Pengeluaran Pribadi;;
462;21/05/2023;Makan Malam;30000;Pengeluaran Pribadi;;
463;21/05/2023;Bensin ;13000;Pengeluaran Transportasi;;
464;22/05/2023;Kuota Internet;100000;Pengeluaran Tetap;;
465;22/05/2023;Makan Pagi;15000;Pengeluaran Pribadi;;
466;22/05/2023;Makan Siang;20000;Pengeluaran Pribadi;;
467;22/05/2023;Makan Malam;30000;Pengeluaran Pribadi;;
468;22/05/2023;Bensin ;10000;Pengeluaran Transportasi;;
469;23/05/2023;Makan Pagi;15000;Pengeluaran Pribadi;;
470;23/05/2023;Makan Siang;20000;Pengeluaran Pribadi;;
471;23/05/2023;Makan Malam;25000;Pengeluaran Pribadi;;
472;23/05/2023;Bensin ;10000;Pengeluaran Transportasi;;
473;24/05/2023;Makan Pagi;15000;Pengeluaran Pribadi;;
474;24/05/2023;Makan Siang;26000;Pengeluaran Pribadi;;
475;24/05/2023;Makan Malam;24000;Pengeluaran Pribadi;;
476;24/05/2023;Ojek Online;35000;Pengeluaran Transportasi;;
477;25/05/2023;Makan Pagi;15000;Pengeluaran Pribadi;;
478;25/05/2023;Makan Siang;20000;Pengeluaran Pribadi;;
479;25/05/2023;Makan Malam;15000;Pengeluaran Pribadi;;
480;25/05/2023;Bensin ;10000;Pengeluaran Transportasi;;
481;26/05/2023;Makan Pagi;15000;Pengeluaran Pribadi;;
482;26/05/2023;Makan Siang;18000;Pengeluaran Pribadi;;
483;26/05/2023;Makan Malam;16000;Pengeluaran Pribadi;;
484;27/05/2023;Makan Pagi;18000;Pengeluaran Pribadi;;
485;27/05/2023;Makan Siang;15000;Pengeluaran Pribadi;;
486;27/05/2023;Makan Malam;17000;Pengeluaran Pribadi;;
487;28/05/2023;Makan Pagi;15000;Pengeluaran Pribadi;;
488;28/05/2023;Makan Siang;20000;Pengeluaran Pribadi;;
489;28/05/2023;Makan Malam;18000;Pengeluaran Pribadi;;
490;29/05/2023;Makan Pagi;15000;Pengeluaran Pribadi;;
491;29/05/2023;Makan Siang;21000;Pengeluaran Pribadi;;
492;29/05/2023;Makan Malam;19000;Pengeluaran Pribadi;;
493;29/05/2023;Bensin ;10000;Pengeluaran Transportasi;;
494;30/05/2023;Makan Pagi;15000;Pengeluaran Pribadi;;
495;30/05/2023;Makan Siang;22000;Pengeluaran Pribadi;;
496;30/05/2023;Makan Malam;20000;Pengeluaran Pribadi;;
497;30/05/2023;Bensin ;10000;Pengeluaran Transportasi;;
498;31/05/2023;Makan Pagi;15000;Pengeluaran Pribadi;;
499;31/05/2023;Makan Siang;25000;Pengeluaran Pribadi;;
500;31/05/2023;Makan Malam;20000;Pengeluaran Pribadi;;
501;31/05/2023;Bensin ;10000;Pengeluaran Transportasi;;
502;31/05/2023;Sewa Kos;1000000;Pengeluaran Tetap;;
503;01/06/2023;Makan Pagi;18000;Pengeluaran Pribadi;;
504;01/06/2023;Makan Siang;25000;Pengeluaran Pribadi;;
505;01/06/2023;Makan Malam;22000;Pengeluaran Pribadi;;
506;01/06/2023;Bensin;15000;Pengeluaran Transportasi;;
507;02/06/2023;Makan Pagi;20000;Pengeluaran Pribadi;;
508;02/06/2023;Makan Siang;27000;Pengeluaran Pribadi;;
509;02/06/2023;Makan Malam;23000;Pengeluaran Pribadi;;
510;02/06/2023;Air Galon;25000;Pengeluaran Pribadi;;
511;03/06/2023;Listrik;50000;Pengeluaran Tetap;;
512;03/06/2023;Cemilan;40000;Pengeluaran Pribadi;;
513;03/06/2023;Kopi;25000;Pengeluaran Pribadi;;
514;04/06/2023;Buku;90000;Pengeluaran Pendidikan;;
515;04/06/2023;Makan Pagi;19000;Pengeluaran Pribadi;;
516;04/06/2023;Makan Siang;26000;Pengeluaran Pribadi;;
517;04/06/2023;Makan Malam;21000;Pengeluaran Pribadi;;
518;05/06/2023;Bensin;12000;Pengeluaran Transportasi;;
519;05/06/2023;Makan Pagi;20000;Pengeluaran Pribadi;;
520;05/06/2023;Makan Siang;28000;Pengeluaran Pribadi;;
521;05/06/2023;Makan Malam;24000;Pengeluaran Pribadi;;
522;06/06/2023;Cemilan;30000;Pengeluaran Pribadi;;
523;06/06/2023;Kopi;20000;Pengeluaran Pribadi;;
524;06/06/2023;Makan Pagi;21000;Pengeluaran Pribadi;;
525;06/06/2023;Makan Siang;29000;Pengeluaran Pribadi;;
526;06/06/2023;Makan Malam;23000;Pengeluaran Pribadi;;
527;07/06/2023;Listrik;50000;Pengeluaran Tetap;;
528;07/06/2023;Makan Pagi;22000;Pengeluaran Pribadi;;
529;07/06/2023;Makan Siang;27000;Pengeluaran Pribadi;;
530;07/06/2023;Makan Malam;24000;Pengeluaran Pribadi;;
531;08/06/2023;Bensin;13000;Pengeluaran Transportasi;;
532;08/06/2023;Makan Pagi;23000;Pengeluaran Pribadi;;
533;08/06/2023;Makan Siang;28000;Pengeluaran Pribadi;;
534;08/06/2023;Makan Malam;25000;Pengeluaran Pribadi;;
535;08/06/2023;Air Galon;25000;Pengeluaran Pribadi;;
536;09/06/2023;Cemilan;35000;Pengeluaran Pribadi;;
537;09/06/2023;Kopi;30000;Pengeluaran Pribadi;;
538;09/06/2023;Makan Pagi;24000;Pengeluaran Pribadi;;
539;09/06/2023;Makan Siang;29000;Pengeluaran Pribadi;;
540;09/06/2023;Makan Malam;26000;Pengeluaran Pribadi;;
541;10/06/2023;Buku;100000;Pengeluaran Pribadi;;
542;10/06/2023;Makan Pagi;25000;Pengeluaran Pribadi;;
543;10/06/2023;Makan Siang;30000;Pengeluaran Pribadi;;
544;10/06/2023;Makan Malam;27000;Pengeluaran Pribadi;;
545;11/06/2023;Bensin;14000;Pengeluaran Transportasi;;
546;11/06/2023;Makan Pagi;26000;Pengeluaran Pribadi;;
547;11/06/2023;Makan Siang;31000;Pengeluaran Pribadi;;
548;11/06/2023;Makan Malam;28000;Pengeluaran Pribadi;;
549;12/06/2023;Listrik ;50000;Pengeluaran Tetap;;
550;12/06/2023;Makan Pagi;17000;Pengeluaran Pribadi;;
551;12/06/2023;Makan Siang;32000;Pengeluaran Pribadi;;
552;12/06/2023;Makan Malam;29000;Pengeluaran Pribadi;;
553;13/06/2023;Cemilan;40000;Pengeluaran Pribadi;;
554;13/06/2023;Kopi;25000;Pengeluaran Pribadi;;
555;13/06/2023;Makan Pagi;28000;Pengeluaran Pribadi;;
556;13/06/2023;Makan Siang;33000;Pengeluaran Pribadi;;
557;13/06/2023;Makan Malam;30000;Pengeluaran Pribadi;;
558;14/06/2023;Bensin;15000;Pengeluaran Transportasi;;
559;14/06/2023;Makan Pagi;29000;Pengeluaran Pribadi;;
560;14/06/2023;Makan Siang;34000;Pengeluaran Pribadi;;
561;14/06/2023;Makan Malam;31000;Pengeluaran Pribadi;;
562;15/06/2023;Air Galon;25000;Pengeluaran Pribadi;;
563;15/06/2023;Cemilan;35000;Pengeluaran Pribadi;;
564;15/06/2023;Kopi;30000;Pengeluaran Pribadi;;
565;15/06/2023;Makan Pagi;30000;Pengeluaran Pribadi;;
566;15/06/2023;Makan Siang;35000;Pengeluaran Pribadi;;
567;15/06/2023;Makan Malam;32000;Pengeluaran Pribadi;;
568;16/06/2023;Buku;110000;Pengeluaran Pendidikan;;
569;16/06/2023;Makan Pagi;21000;Pengeluaran Pribadi;;
570;16/06/2023;Makan Siang;36000;Pengeluaran Pribadi;;
571;16/06/2023;Makan Malam;33000;Pengeluaran Pribadi;;
572;17/06/2023;Bensin;16000;Pengeluaran Transportasi;;
573;17/06/2023;Makan Pagi;32000;Pengeluaran Pribadi;;
574;17/06/2023;Makan Siang;37000;Pengeluaran Pribadi;;
575;17/06/2023;Makan Malam;34000;Pengeluaran Pribadi;;
576;18/06/2023;Listrik;50000;Pengeluaran Tetap;;
577;18/06/2023;Makan Pagi;33000;Pengeluaran Pribadi;;
578;18/06/2023;Makan Siang;38000;Pengeluaran Pribadi;;
579;18/06/2023;Makan Malam;35000;Pengeluaran Pribadi;;
580;19/06/2023;Cemilan;40000;Pengeluaran Pribadi;;
581;19/06/2023;Kopi;25000;Pengeluaran Pribadi;;
582;19/06/2023;Makan Pagi;34000;Pengeluaran Pribadi;;
583;19/06/2023;Makan Siang;39000;Pengeluaran Pribadi;;
584;19/06/2023;Makan Malam;36000;Pengeluaran Pribadi;;
585;20/06/2023;Bensin;17000;Pengeluaran Transportasi;;
586;20/06/2023;Makan Pagi;35000;Pengeluaran Pribadi;;
587;20/06/2023;Makan Siang;40000;Pengeluaran Pribadi;;
588;20/06/2023;Makan Malam;37000;Pengeluaran Pribadi;;
589;21/06/2023;Air Galon;25000;Pengeluaran Pribadi;;
590;21/06/2023;Cemilan;35000;Pengeluaran Pribadi;;
591;21/06/2023;Kopi;30000;Pengeluaran Pribadi;;
592;21/06/2023;Makan Pagi;16000;Pengeluaran Pribadi;;
593;21/06/2023;Makan Siang;31000;Pengeluaran Pribadi;;
594;21/06/2023;Makan Malam;38000;Pengeluaran Pribadi;;
595;22/06/2023;Buku;120000;Pengeluaran Pendidikan;;
596;22/06/2023;Makan Pagi;27000;Pengeluaran Pribadi;;
597;22/06/2023;Makan Siang;42000;Pengeluaran Pribadi;;
598;22/06/2023;Makan Malam;39000;Pengeluaran Pribadi;;
599;23/06/2023;Bensin;18000;Pengeluaran Transportasi;;
600;23/06/2023;Makan Pagi;38000;Pengeluaran Pribadi;;
601;23/06/2023;Makan Siang;43000;Pengeluaran Pribadi;;
602;23/06/2023;Makan Malam;40000;Pengeluaran Pribadi;;
603;24/06/2023;Listrik;50000;Pengeluaran Tetap;;
604;24/06/2023;Makan Pagi;29000;Pengeluaran Pribadi;;
605;24/06/2023;Makan Siang;44000;Pengeluaran Pribadi;;
606;24/06/2023;Makan Malam;41000;Pengeluaran Pribadi;;
607;25/06/2023;Cemilan;40000;Pengeluaran Pribadi;;
608;25/06/2023;Kopi;25000;Pengeluaran Pribadi;;
609;25/06/2023;Makan Pagi;40000;Pengeluaran Pribadi;;
610;25/06/2023;Makan Siang;45000;Pengeluaran Pribadi;;
611;25/06/2023;Makan Malam;42000;Pengeluaran Pribadi;;
612;26/06/2023;Bensin;19000;Pengeluaran Transportasi;;
613;26/06/2023;Makan Pagi;41000;Pengeluaran Pribadi;;
614;26/06/2023;Makan Siang;46000;Pengeluaran Pribadi;;
615;26/06/2023;Makan Malam;43000;Pengeluaran Pribadi;;
616;27/06/2023;Air Galon;25000;Pengeluaran Pribadi;;
617;27/06/2023;Cemilan;35000;Pengeluaran Pribadi;;
618;27/06/2023;Kopi;30000;Pengeluaran Pribadi;;
619;27/06/2023;Makan Pagi;22000;Pengeluaran Pribadi;;
620;27/06/2023;Makan Siang;37000;Pengeluaran Pribadi;;
621;27/06/2023;Makan Malam;44000;Pengeluaran Pribadi;;
622;28/06/2023;Buku;115000;Pengeluaran Pendidikan;;
623;28/06/2023;Makan Pagi;23000;Pengeluaran Pribadi;;
624;28/06/2023;Makan Siang;48000;Pengeluaran Pribadi;;
625;28/06/2023;Makan Malam;45000;Pengeluaran Pribadi;;
626;29/06/2023;Bensin;20000;Pengeluaran Transportasi;;
627;29/06/2023;Makan Pagi;44000;Pengeluaran Pribadi;;
628;29/06/2023;Makan Siang;49000;Pengeluaran Pribadi;;
629;29/06/2023;Makan Malam;46000;Pengeluaran Pribadi;;
630;30/06/2023;Listrik;50000;Pengeluaran Tetap;;
631;30/06/2023;Makan Pagi;25000;Pengeluaran Pribadi;;
632;30/06/2023;Makan Siang;50000;Pengeluaran Pribadi;;
633;30/06/2023;Makan Malam;47000;Pengeluaran Pribadi;;
634;30/06/2023;Sewa Kos;1400000;Pengeluaran Tetap;;
635;01/07/2023;Makan Pagi;20000;Pengeluaran Pribadi;;
636;01/07/2023;Makan Siang;26000;Pengeluaran Pribadi;;
637;01/07/2023;Makan Malam;23000;Pengeluaran Pribadi;;
638;01/07/2023;Bensin;16000;Pengeluaran Transportasi;;
639;02/07/2023;Makan Pagi;21000;Pengeluaran Pribadi;;
640;02/07/2023;Makan Siang;28000;Pengeluaran Pribadi;;
641;02/07/2023;Makan Malam;22000;Pengeluaran Pribadi;;
642;02/07/2023;Air Galon;25000;Pengeluaran Pribadi;;
643;03/07/2023;Listrik ;50000;Pengeluaran Tetap;;
644;03/07/2023;Cemilan;45000;Pengeluaran Pribadi;;
645;04/07/2023;Buku;90000;Pengeluaran Pendidikan;;
646;04/07/2023;Makan Pagi;18000;Pengeluaran Pribadi;;
647;04/07/2023;Makan Siang;25000;Pengeluaran Pribadi;;
648;04/07/2023;Makan Malam;24000;Pengeluaran Pribadi;;
649;05/07/2023;Bensin;14000;Pengeluaran Transportasi;;
650;05/07/2023;Makan Pagi;22000;Pengeluaran Pribadi;;
651;05/07/2023;Makan Siang;27000;Pengeluaran Pribadi;;
652;05/07/2023;Makan Malam;23000;Pengeluaran Pribadi;;
653;06/07/2023;Cemilan;30000;Pengeluaran Pribadi;;
654;06/07/2023;Kopi;26000;Pengeluaran Pribadi;;
655;06/07/2023;Makan Pagi;19000;Pengeluaran Pribadi;;
656;06/07/2023;Makan Siang;29000;Pengeluaran Pribadi;;
657;06/07/2023;Makan Malam;25000;Pengeluaran Pribadi;;
658;06/07/2023;Beli Pakaian;130000;Pengeluaran Pribadi;;
659;07/07/2023;Listrik;50000;Pengeluaran Tetap;;
660;07/07/2023;Makan Pagi;20000;Pengeluaran Pribadi;;
661;07/07/2023;Makan Siang;28000;Pengeluaran Pribadi;;
662;07/07/2023;Makan Malam;21000;Pengeluaran Pribadi;;
663;08/07/2023;Bensin;13000;Pengeluaran Transportasi;;
664;08/07/2023;Makan Pagi;22000;Pengeluaran Pribadi;;
665;08/07/2023;Makan Siang;26000;Pengeluaran Pribadi;;
666;08/07/2023;Makan Malam;23000;Pengeluaran Pribadi;;
667;08/07/2023;Air Galon;25000;Pengeluaran Pribadi;;
668;09/07/2023;Cemilan;32000;Pengeluaran Pribadi;;
669;09/07/2023;Kopi;24000;Pengeluaran Pribadi;;
670;09/07/2023;Makan Pagi;21000;Pengeluaran Pribadi;;
671;09/07/2023;Makan Siang;27000;Pengeluaran Pribadi;;
672;09/07/2023;Makan Malam;22000;Pengeluaran Pribadi;;
673;10/07/2023;Bensin;15000;Pengeluaran Transportasi;;
674;10/07/2023;Listrik;50000;Pengeluaran Tetap;;
675;10/07/2023;Makan Pagi;18000;Pengeluaran Pribadi;;
676;10/07/2023;Makan Siang;26000;Pengeluaran Pribadi;;
677;10/07/2023;Makan Malam;24000;Pengeluaran Pribadi;;
678;11/07/2023;Cemilan;31000;Pengeluaran Pribadi;;
679;11/07/2023;Makan Pagi;21000;Pengeluaran Pribadi;;
680;11/07/2023;Makan Siang;27000;Pengeluaran Pribadi;;
681;11/07/2023;Makan Malam;23000;Pengeluaran Pribadi;;
682;12/07/2023;Bensin;12000;Pengeluaran Transportasi;;
683;12/07/2023;Makan Pagi;20000;Pengeluaran Pribadi;;
684;12/07/2023;Makan Siang;26000;Pengeluaran Pribadi;;
685;12/07/2023;Makan Malam;25000;Pengeluaran Pribadi;;
686;13/07/2023;Air Galon;25000;Pengeluaran Pribadi;;
687;13/07/2023;Cemilan;40000;Pengeluaran Pribadi;;
688;13/07/2023;Makan Pagi;19000;Pengeluaran Pribadi;;
689;13/07/2023;Makan Siang;25000;Pengeluaran Pribadi;;
690;13/07/2023;Makan Malam;22000;Pengeluaran Pribadi;;
691;14/07/2023;Listrik;50000;Pengeluaran Tetap;;
692;14/07/2023;Makan Pagi;21000;Pengeluaran Pribadi;;
693;14/07/2023;Makan Siang;28000;Pengeluaran Pribadi;;
694;14/07/2023;Makan Malam;24000;Pengeluaran Pribadi;;
695;15/07/2023;Bensin;13000;Pengeluaran Transportasi;;
696;15/07/2023;Nonton Bioskop;140000;Pengeluaran Pribadi;;
697;15/07/2023;Makan Pagi;20000;Pengeluaran Pribadi;;
698;15/07/2023;Makan Siang;27000;Pengeluaran Pribadi;;
699;14/07/2023;Kopi;27000;Pengeluaran Pribadi;;
700;15/07/2023;Makan Malam;23000;Pengeluaran Pribadi;;
701;16/07/2023;Cemilan;35000;Pengeluaran Pribadi;;
702;16/07/2023;Makan Pagi;20000;Pengeluaran Pribadi;;
703;16/07/2023;Makan Siang;28000;Pengeluaran Pribadi;;
704;16/07/2023;Makan Malam;21000;Pengeluaran Pribadi;;
705;17/07/2023;Bensin;16000;Pengeluaran Transportasi;;
706;17/07/2023;Makan Pagi;21000;Pengeluaran Pribadi;;
707;17/07/2023;Makan Siang;27000;Pengeluaran Pribadi;;
708;17/07/2023;Makan Malam;23000;Pengeluaran Pribadi;;
709;18/07/2023;Kopi;22000;Pengeluaran Pribadi;;
710;18/07/2023;Cemilan;30000;Pengeluaran Pribadi;;
711;18/07/2023;Makan Pagi;20000;Pengeluaran Pribadi;;
712;18/07/2023;Makan Siang;27000;Pengeluaran Pribadi;;
713;18/07/2023;Makan Malam;25000;Pengeluaran Pribadi;;
714;19/07/2023;Bensin;13000;Pengeluaran Transportasi;;
715;19/07/2023;Buku;100000;Pengeluaran Pendidikan;;
716;19/07/2023;Makan Pagi;21000;Pengeluaran Pribadi;;
717;19/07/2023;Makan Siang;28000;Pengeluaran Pribadi;;
718;19/07/2023;Makan Malam;24000;Pengeluaran Pribadi;;
719;20/07/2023;Wifi;365000;Pengeluaran Tetap;;
720;20/07/2023;Listrik;50000;Pengeluaran Tetap;;
721;20/07/2023;Makan Pagi;18000;Pengeluaran Pribadi;;
722;20/07/2023;Makan Siang;27000;Pengeluaran Pribadi;;
723;20/07/2023;Makan Malam;25000;Pengeluaran Pribadi;;
724;21/07/2023;Bensin;12000;Pengeluaran Transportasi;;
725;21/07/2023;Kopi;25000;Pengeluaran Pribadi;;
726;21/07/2023;Makan Pagi;19000;Pengeluaran Pribadi;;
727;21/07/2023;Makan Siang;26000;Pengeluaran Pribadi;;
728;21/07/2023;Makan Malam;22000;Pengeluaran Pribadi;;
729;22/07/2023;Cemilan;33000;Pengeluaran Pribadi;;
730;22/07/2023;Makan Pagi;21000;Pengeluaran Pribadi;;
731;22/07/2023;Makan Siang;28000;Pengeluaran Pribadi;;
732;22/07/2023;Makan Malam;23000;Pengeluaran Pribadi;;
733;23/07/2023;Bensin;14000;Pengeluaran Transportasi;;
734;23/07/2023;Makan Pagi;20000;Pengeluaran Pribadi;;
735;23/07/2023;Makan Siang;27000;Pengeluaran Pribadi;;
736;23/07/2023;Makan Malam;22000;Pengeluaran Pribadi;;
737;24/07/2023;Air Galon;25000;Pengeluaran Pribadi;;
738;24/07/2023;Kopi;27000;Pengeluaran Pribadi;;
739;24/07/2023;Cemilan;36000;Pengeluaran Pribadi;;
740;24/07/2023;Makan Pagi;21000;Pengeluaran Pribadi;;
741;24/07/2023;Makan Siang;29000;Pengeluaran Pribadi;;
742;24/07/2023;Makan Malam;24000;Pengeluaran Pribadi;;
743;25/07/2023;Kuota Internet;60000;Pengeluaran Tetap;;
744;25/07/2023;Makan Pagi;18000;Pengeluaran Pribadi;;
745;25/07/2023;Makan Siang;27000;Pengeluaran Pribadi;;
746;25/07/2023;Kopi;27000;Pengeluaran Pribadi;;
747;25/07/2023;Makan Malam;25000;Pengeluaran Pribadi;;
748;26/07/2023;Bensin;13000;Pengeluaran Transportasi;;
749;26/07/2023;Listrik;50000;Pengeluaran Tetap;;
750;26/07/2023;Makan Pagi;20000;Pengeluaran Pribadi;;
751;26/07/2023;Makan Siang;26000;Pengeluaran Pribadi;;
752;26/07/2023;Makan Malam;24000;Pengeluaran Pribadi;;
753;27/07/2023;Kopi;22000;Pengeluaran Pribadi;;
754;27/07/2023;Cemilan;31000;Pengeluaran Pribadi;;
755;27/07/2023;Makan Pagi;20000;Pengeluaran Pribadi;;
756;27/07/2023;Makan Siang;27000;Pengeluaran Pribadi;;
757;27/07/2023;Makan Malam;25000;Pengeluaran Pribadi;;
758;28/07/2023;Bensin;12000;Pengeluaran Transportasi;;
759;28/07/2023;Buku;115000;Pengeluaran Pendidikan;;
760;28/07/2023;Makan Pagi;19000;Pengeluaran Pribadi;;
761;28/07/2023;Makan Siang;26000;Pengeluaran Pribadi;;
762;28/07/2023;Makan Malam;22000;Pengeluaran Pribadi;;
763;29/07/2023;Nonton Bioskop;130000;Pengeluaran Pribadi;;
764;29/07/2023;Cemilan;34000;Pengeluaran Pribadi;;
765;29/07/2023;Makan Pagi;21000;Pengeluaran Pribadi;;
766;29/07/2023;Makan Siang;28000;Pengeluaran Pribadi;;
767;29/07/2023;Makan Malam;23000;Pengeluaran Pribadi;;
768;30/07/2023;Bensin;15000;Pengeluaran Transportasi;;
769;30/07/2023;Makan Pagi;20000;Pengeluaran Pribadi;;
770;30/07/2023;Makan Siang;27000;Pengeluaran Pribadi;;
771;30/07/2023;Sewa Kos;1200000;Pengeluaran Tetap;;
772;30/07/2023;Makan Malam;23000;Pengeluaran Pribadi;;
773;31/07/2023;Cemilan;30000;Pengeluaran Pribadi;;
774;31/07/2023;Makan Pagi;21000;Pengeluaran Pribadi;;
775;31/07/2023;Makan Siang;26000;Pengeluaran Pribadi;;
776;31/07/2023;Makan Malam;24000;Pengeluaran Pribadi;;
777;01/08/2023;Makan Pagi;22000;Pengeluaran Pribadi;;
778;01/08/2023;Makan Siang;30000;Pengeluaran Pribadi;;
779;01/08/2023;Makan Malam;26000;Pengeluaran Pribadi;;
780;02/08/2023;Cemilan;40000;Pengeluaran Pribadi;;
781;02/08/2023;Makan Pagi;23000;Pengeluaran Pribadi;;
782;02/08/2023;Makan Siang;29000;Pengeluaran Pribadi;;
783;02/08/2023;Makan Malam;27000;Pengeluaran Pribadi;;
784;03/08/2023;Bensin;18000;Pengeluaran Transportasi;;
785;03/08/2023;Makan Pagi;22000;Pengeluaran Pribadi;;
786;03/08/2023;Makan Siang;30000;Pengeluaran Pribadi;;
787;03/08/2023;Makan Malam;28000;Pengeluaran Pribadi;;
788;04/08/2023;Kopi;28000;Pengeluaran Pribadi;;
789;04/08/2023;Makan Pagi;21000;Pengeluaran Pribadi;;
790;04/08/2023;Makan Siang;30000;Pengeluaran Pribadi;;
791;04/08/2023;Makan Malam;29000;Pengeluaran Pribadi;;
792;04/08/2023;Donasi Kemanusiaan;250000;Pengeluaran Sosial;;
793;05/08/2023;Cemilan;45000;Pengeluaran Pribadi;;
794;05/08/2023;Makan Pagi;24000;Pengeluaran Pribadi;;
795;05/08/2023;Makan Siang;31000;Pengeluaran Pribadi;;
796;05/08/2023;Makan Malam;28000;Pengeluaran Pribadi;;
797;06/08/2023;Beli Pakaian;140000;Pengeluaran Pribadi;;
798;06/08/2023;Makan Pagi;25000;Pengeluaran Pribadi;;
799;06/08/2023;Makan Siang;30000;Pengeluaran Pribadi;;
800;06/08/2023;Makan Malam;27000;Pengeluaran Pribadi;;
801;07/08/2023;Bensin;17000;Pengeluaran Transportasi;;
802;07/08/2023;Kopi;26000;Pengeluaran Pribadi;;
803;07/08/2023;Makan Pagi;23000;Pengeluaran Pribadi;;
804;07/08/2023;Makan Siang;31000;Pengeluaran Pribadi;;
805;07/08/2023;Makan Malam;29000;Pengeluaran Pribadi;;
806;08/08/2023;Cemilan;50000;Pengeluaran Pribadi;;
807;08/08/2023;Makan Pagi;22000;Pengeluaran Pribadi;;
808;08/08/2023;Makan Siang;30000;Pengeluaran Pribadi;;
809;08/08/2023;Makan Malam;28000;Pengeluaran Pribadi;;
810;09/08/2023;Bensin;18000;Pengeluaran Transportasi;;
811;09/08/2023;Makan Pagi;21000;Pengeluaran Pribadi;;
812;09/08/2023;Makan Siang;29000;Pengeluaran Pribadi;;
813;09/08/2023;Makan Malam;27000;Pengeluaran Pribadi;;
814;10/08/2023;Kopi;27000;Pengeluaran Pribadi;;
815;10/08/2023;Makan Pagi;23000;Pengeluaran Pribadi;;
816;10/08/2023;Makan Siang;30000;Pengeluaran Pribadi;;
817;10/08/2023;Makan Malam;28000;Pengeluaran Pribadi;;
818;11/08/2023;Donasi Kemanusiaan;150000;Pengeluaran Sosial;;
819;11/08/2023;Cemilan;40000;Pengeluaran Pribadi;;
820;11/08/2023;Makan Pagi;24000;Pengeluaran Pribadi;;
821;11/08/2023;Makan Siang;32000;Pengeluaran Pribadi;;
822;11/08/2023;Makan Malam;29000;Pengeluaran Pribadi;;
823;12/08/2023;Bensin;20000;Pengeluaran Transportasi;;
824;12/08/2023;Makan Pagi;24000;Pengeluaran Pribadi;;
825;12/08/2023;Makan Siang;31000;Pengeluaran Pribadi;;
826;12/08/2023;Makan Malam;28000;Pengeluaran Pribadi;;
827;13/08/2023;Nonton Bioskop;130000;Pengeluaran Pribadi;;
828;13/08/2023;Makan Pagi;25000;Pengeluaran Pribadi;;
829;13/08/2023;Makan Siang;31000;Pengeluaran Pribadi;;
830;13/08/2023;Makan Malam;29000;Pengeluaran Pribadi;;
831;14/08/2023;Bensin;18000;Pengeluaran Transportasi;;
832;14/08/2023;Kopi;26000;Pengeluaran Pribadi;;
833;14/08/2023;Makan Pagi;23000;Pengeluaran Pribadi;;
834;14/08/2023;Makan Siang;32000;Pengeluaran Pribadi;;
835;14/08/2023;Makan Malam;30000;Pengeluaran Pribadi;;
836;15/08/2023;Cemilan;50000;Pengeluaran Pribadi;;
837;15/08/2023;Makan Pagi;23000;Pengeluaran Pribadi;;
838;15/08/2023;Makan Siang;30000;Pengeluaran Pribadi;;
839;15/08/2023;Makan Malam;28000;Pengeluaran Pribadi;;
840;16/08/2023;Bensin;19000;Pengeluaran Transportasi;;
841;16/08/2023;Makan Pagi;21000;Pengeluaran Pribadi;;
842;16/08/2023;Makan Siang;29000;Pengeluaran Pribadi;;
843;16/08/2023;Makan Malam;27000;Pengeluaran Pribadi;;
844;17/08/2023;Kopi;28000;Pengeluaran Pribadi;;
845;17/08/2023;Makan Pagi;23000;Pengeluaran Pribadi;;
846;17/08/2023;Makan Siang;31000;Pengeluaran Pribadi;;
847;17/08/2023;Makan Malam;29000;Pengeluaran Pribadi;;
848;18/08/2023;Donasi Kemanusiaan;200000;Pengeluaran Sosial;;
849;18/08/2023;Cemilan;50000;Pengeluaran Pribadi;;
850;18/08/2023;Makan Pagi;24000;Pengeluaran Pribadi;;
851;18/08/2023;Makan Siang;32000;Pengeluaran Pribadi;;
852;18/08/2023;Makan Malam;30000;Pengeluaran Pribadi;;
853;19/08/2023;Bensin;18000;Pengeluaran Transportasi;;
854;19/08/2023;Makan Pagi;24000;Pengeluaran Pribadi;;
855;19/08/2023;Makan Siang;32000;Pengeluaran Pribadi;;
856;19/08/2023;Makan Malam;30000;Pengeluaran Pribadi;;
857;20/08/2023;Wifi;365000;Pengeluaran Hiburan;;
858;20/08/2023;Makan Pagi;25000;Pengeluaran Pribadi;;
859;20/08/2023;Makan Siang;31000;Pengeluaran Pribadi;;
860;20/08/2023;Makan Malam;30000;Pengeluaran Pribadi;;
861;21/08/2023;Bensin;19000;Pengeluaran Transportasi;;
862;21/08/2023;Kopi;27000;Pengeluaran Pribadi;;
863;21/08/2023;Makan Pagi;24000;Pengeluaran Pribadi;;
864;21/08/2023;Makan Siang;31000;Pengeluaran Pribadi;;
865;21/08/2023;Makan Malam;29000;Pengeluaran Pribadi;;
866;22/08/2023;Cemilan;50000;Pengeluaran Pribadi;;
867;22/08/2023;Makan Pagi;24000;Pengeluaran Pribadi;;
868;22/08/2023;Makan Siang;31000;Pengeluaran Pribadi;;
869;22/08/2023;Makan Malam;30000;Pengeluaran Pribadi;;
870;23/08/2023;Bensin;18000;Pengeluaran Transportasi;;
871;23/08/2023;Makan Pagi;23000;Pengeluaran Pribadi;;
872;23/08/2023;Makan Siang;30000;Pengeluaran Pribadi;;
873;23/08/2023;Makan Malam;28000;Pengeluaran Pribadi;;
874;24/08/2023;Kopi;26000;Pengeluaran Pribadi;;
875;24/08/2023;Makan Pagi;22000;Pengeluaran Pribadi;;
876;24/08/2023;Makan Siang;30000;Pengeluaran Pribadi;;
877;24/08/2023;Makan Malam;27000;Pengeluaran Pribadi;;
878;25/08/2023;Kuota Internet;60000;Pengeluaran Pribadi;;
879;25/08/2023;Donasi Kemanusiaan;250000;Pengeluaran Sosial;;
880;25/08/2023;Cemilan;45000;Pengeluaran Pribadi;;
881;25/08/2023;Makan Pagi;23000;Pengeluaran Pribadi;;
882;25/08/2023;Makan Siang;31000;Pengeluaran Pribadi;;
883;25/08/2023;Makan Malam;29000;Pengeluaran Pribadi;;
884;26/08/2023;Bensin;19000;Pengeluaran Transportasi;;
885;26/08/2023;Makan Pagi;23000;Pengeluaran Pribadi;;
886;26/08/2023;Makan Siang;30000;Pengeluaran Pribadi;;
887;26/08/2023;Makan Malam;28000;Pengeluaran Pribadi;;
888;27/08/2023;Nonton Bioskop;145000;Pengeluaran Pribadi;;
889;27/08/2023;Makan Pagi;25000;Pengeluaran Pribadi;;
890;27/08/2023;Makan Siang;32000;Pengeluaran Pribadi;;
891;27/08/2023;Makan Malam;30000;Pengeluaran Pribadi;;
892;28/08/2023;Bensin;18000;Pengeluaran Transportasi;;
893;28/08/2023;Kopi;28000;Pengeluaran Pribadi;;
894;28/08/2023;Makan Pagi;24000;Pengeluaran Pribadi;;
895;28/08/2023;Makan Siang;31000;Pengeluaran Pribadi;;
896;28/08/2023;Makan Malam;30000;Pengeluaran Pribadi;;
897;29/08/2023;Cemilan;50000;Pengeluaran Pribadi;;
898;29/08/2023;Makan Pagi;24000;Pengeluaran Pribadi;;
899;29/08/2023;Makan Siang;32000;Pengeluaran Pribadi;;
900;29/08/2023;Makan Malam;30000;Pengeluaran Pribadi;;
901;30/08/2023;Bensin;19000;Pengeluaran Transportasi;;
902;30/08/2023;Makan Pagi;23000;Pengeluaran Pribadi;;
903;30/08/2023;Sewa Kos;1200000;Pengeluaran Tetap;;
904;30/08/2023;Makan Siang;30000;Pengeluaran Pribadi;;
905;30/08/2023;Makan Malam;28000;Pengeluaran Pribadi;;
906;31/08/2023;Kopi;26000;Pengeluaran Pribadi;;
907;31/08/2023;Makan Pagi;22000;Pengeluaran Pribadi;;
908;31/08/2023;Makan Siang;30000;Pengeluaran Pribadi;;
909;31/08/2023;Makan Malam;27000;Pengeluaran Pribadi;;
910;01/09/2023;Makan Pagi;24000;Pengeluaran Pribadi;;
911;01/09/2023;Makan Siang;32000;Pengeluaran Pribadi;;
912;01/09/2023;Makan Malam;30000;Pengeluaran Pribadi;;
913;01/09/2023;Bensin;19000;Pengeluaran Transportasi;;
914;02/09/2023;Makan Pagi;25000;Pengeluaran Pribadi;;
915;02/09/2023;Makan Siang;33000;Pengeluaran Pribadi;;
916;02/09/2023;Makan Malam;31000;Pengeluaran Pribadi;;
917;03/09/2023;Kopi;29000;Pengeluaran Pribadi;;
918;03/09/2023;Makan Pagi;26000;Pengeluaran Pribadi;;
919;03/09/2023;Makan Siang;34000;Pengeluaran Pribadi;;
920;03/09/2023;Makan Malam;32000;Pengeluaran Pribadi;;
921;04/09/2023;Cemilan;51000;Pengeluaran Pribadi;;
922;04/09/2023;Makan Pagi;27000;Pengeluaran Pribadi;;
923;04/09/2023;Makan Siang;35000;Pengeluaran Pribadi;;
924;04/09/2023;Makan Malam;33000;Pengeluaran Pribadi;;
925;05/09/2023;Skincare;150000;Pengeluaran Pribadi;;
926;05/09/2023;Bensin;20000;Pengeluaran Transportasi;;
927;05/09/2023;Makan Pagi;28000;Pengeluaran Pribadi;;
928;05/09/2023;Makan Siang;36000;Pengeluaran Pribadi;;
929;05/09/2023;Makan Malam;34000;Pengeluaran Pribadi;;
930;06/09/2023;Beli Pakaian;135000;Pengeluaran Pribadi;;
931;06/09/2023;Makan Pagi;29000;Pengeluaran Pribadi;;
932;06/09/2023;Makan Siang;37000;Pengeluaran Pribadi;;
933;06/09/2023;Makan Malam;35000;Pengeluaran Pribadi;;
934;07/09/2023;Air Galon;23000;Pengeluaran Pribadi;;
935;07/09/2023;Makan Pagi;30000;Pengeluaran Pribadi;;
936;07/09/2023;Makan Siang;38000;Pengeluaran Pribadi;;
937;07/09/2023;Makan Malam;36000;Pengeluaran Pribadi;;
938;08/09/2023;Donasi Kemanusiaan;95000;Pengeluaran Sosial;;
939;08/09/2023;Cemilan;52000;Pengeluaran Pribadi;;
940;08/09/2023;Makan Pagi;31000;Pengeluaran Pribadi;;
941;08/09/2023;Makan Siang;39000;Pengeluaran Pribadi;;
942;08/09/2023;Makan Malam;37000;Pengeluaran Pribadi;;
943;09/09/2023;Bensin;21000;Pengeluaran Transportasi;;
944;09/09/2023;Makan Pagi;32000;Pengeluaran Pribadi;;
945;09/09/2023;Makan Siang;40000;Pengeluaran Pribadi;;
946;09/09/2023;Makan Malam;38000;Pengeluaran Pribadi;;
947;10/09/2023;Nonton Bioskop;150000;Pengeluaran Pribadi;;
948;10/09/2023;Makan Pagi;33000;Pengeluaran Pribadi;;
949;10/09/2023;Makan Siang;41000;Pengeluaran Pribadi;;
950;10/09/2023;Makan Malam;39000;Pengeluaran Pribadi;;
951;11/09/2023;Bensin;22000;Pengeluaran Transportasi;;
952;11/09/2023;Kopi;30000;Pengeluaran Pribadi;;
953;11/09/2023;Makan Pagi;34000;Pengeluaran Pribadi;;
954;11/09/2023;Makan Siang;42000;Pengeluaran Pribadi;;
955;11/09/2023;Makan Malam;40000;Pengeluaran Pribadi;;
956;12/09/2023;Cemilan;53000;Pengeluaran Pribadi;;
957;12/09/2023;Makan Pagi;35000;Pengeluaran Pribadi;;
958;12/09/2023;Makan Siang;43000;Pengeluaran Pribadi;;
959;12/09/2023;Makan Malam;41000;Pengeluaran Pribadi;;
960;13/09/2023;Bensin;23000;Pengeluaran Transportasi;;
961;13/09/2023;Makan Pagi;36000;Pengeluaran Pribadi;;
962;13/09/2023;Makan Siang;44000;Pengeluaran Pribadi;;
963;13/09/2023;Makan Malam;42000;Pengeluaran Pribadi;;
964;14/09/2023;Kopi;31000;Pengeluaran Pribadi;;
965;14/09/2023;Makan Pagi;37000;Pengeluaran Pribadi;;
966;14/09/2023;Makan Siang;45000;Pengeluaran Pribadi;;
967;14/09/2023;Makan Malam;43000;Pengeluaran Pribadi;;
968;15/09/2023;Donasi Kemanusiaan;100000;Pengeluaran Sosial;;
969;15/09/2023;Cemilan;54000;Pengeluaran Pribadi;;
970;15/09/2023;Makan Pagi;38000;Pengeluaran Pribadi;;
971;15/09/2023;Makan Siang;46000;Pengeluaran Pribadi;;
972;15/09/2023;Makan Malam;44000;Pengeluaran Pribadi;;
973;16/09/2023;Bensin;24000;Pengeluaran Transportasi;;
974;16/09/2023;Makan Pagi;39000;Pengeluaran Pribadi;;
975;16/09/2023;Makan Siang;47000;Pengeluaran Pribadi;;
976;16/09/2023;Makan Malam;45000;Pengeluaran Pribadi;;
977;17/09/2023;Air Galon;24000;Pengeluaran Pribadi;;
978;17/09/2023;Makan Pagi;40000;Pengeluaran Pribadi;;
979;17/09/2023;Makan Siang;48000;Pengeluaran Pribadi;;
980;17/09/2023;Makan Malam;46000;Pengeluaran Pribadi;;
981;18/09/2023;Kopi;32000;Pengeluaran Pribadi;;
982;18/09/2023;Makan Pagi;41000;Pengeluaran Pribadi;;
983;18/09/2023;Makan Siang;49000;Pengeluaran Pribadi;;
984;18/09/2023;Makan Malam;47000;Pengeluaran Pribadi;;
985;19/09/2023;Bensin;25000;Pengeluaran Transportasi;;
986;19/09/2023;Makan Pagi;42000;Pengeluaran Pribadi;;
987;19/09/2023;Makan Siang;50000;Pengeluaran Pribadi;;
988;19/09/2023;Makan Malam;48000;Pengeluaran Pribadi;;
989;20/09/2023;Wifi;365000;Pengeluaran Tetap;;
990;20/09/2023;Cemilan;55000;Pengeluaran Pribadi;;
991;20/09/2023;Makan Pagi;43000;Pengeluaran Pribadi;;
992;20/09/2023;Makan Siang;51000;Pengeluaran Pribadi;;
993;20/09/2023;Makan Malam;49000;Pengeluaran Pribadi;;
994;21/09/2023;Donasi Kemanusiaan;105000;Pengeluaran Sosial;;
995;21/09/2023;Makan Pagi;44000;Pengeluaran Pribadi;;
996;21/09/2023;Makan Siang;52000;Pengeluaran Pribadi;;
997;21/09/2023;Makan Malam;50000;Pengeluaran Pribadi;;
998;22/09/2023;Bensin;26000;Pengeluaran Transportasi;;
999;22/09/2023;Makan Pagi;45000;Pengeluaran Pribadi;;
1000;22/09/2023;Makan Siang;53000;Pengeluaran Pribadi;;
1001;22/09/2023;Makan Malam;51000;Pengeluaran Pribadi;;
1002;23/09/2023;Air Galon;25000;Pengeluaran Pribadi;;
1003;23/09/2023;Makan Pagi;46000;Pengeluaran Pribadi;;
1004;23/09/2023;Makan Siang;54000;Pengeluaran Pribadi;;
1005;23/09/2023;Makan Malam;52000;Pengeluaran Pribadi;;
1006;24/09/2023;Nonton Bioskop;150000;Pengeluaran Pribadi;;
1007;24/09/2023;Makan Pagi;47000;Pengeluaran Pribadi;;
1008;24/09/2023;Makan Siang;55000;Pengeluaran Pribadi;;
1009;24/09/2023;Makan Malam;53000;Pengeluaran Pribadi;;
1010;25/09/2023;Kuota Internet;60000;Pengeluaran Tetap;;
1011;25/09/2023;Bensin;27000;Pengeluaran Transportasi;;
1012;25/09/2023;Makan Pagi;48000;Pengeluaran Pribadi;;
1013;25/09/2023;Makan Siang;56000;Pengeluaran Pribadi;;
1014;25/09/2023;Makan Malam;54000;Pengeluaran Pribadi;;
1015;26/09/2023;Cemilan;56000;Pengeluaran Pribadi;;
1016;26/09/2023;Makan Pagi;49000;Pengeluaran Pribadi;;
1017;26/09/2023;Makan Siang;57000;Pengeluaran Pribadi;;
1018;26/09/2023;Makan Malam;55000;Pengeluaran Pribadi;;
1019;27/09/2023;Bensin;28000;Pengeluaran Transportasi;;
1020;27/09/2023;Makan Pagi;50000;Pengeluaran Pribadi;;
1021;27/09/2023;Makan Siang;58000;Pengeluaran Pribadi;;
1022;27/09/2023;Makan Malam;56000;Pengeluaran Pribadi;;
1023;28/09/2023;Kopi;33000;Pengeluaran Pribadi;;
1024;28/09/2023;Makan Pagi;51000;Pengeluaran Pribadi;;
1025;28/09/2023;Makan Siang;59000;Pengeluaran Pribadi;;
1026;28/09/2023;Makan Malam;57000;Pengeluaran Pribadi;;
1027;29/09/2023;Donasi Kemanusiaan;110000;Pengeluaran Sosial;;
1028;29/09/2023;Makan Pagi;52000;Pengeluaran Pribadi;;
1029;29/09/2023;Makan Siang;60000;Pengeluaran Pribadi;;
1030;29/09/2023;Makan Malam;58000;Pengeluaran Pribadi;;
1031;30/09/2023;Air Galon;26000;Pengeluaran Pribadi;;
1032;30/09/2023;Makan Pagi;53000;Pengeluaran Pribadi;;
1032;30/09/2023;Sewa Kos;1200000;Pengeluaran Tetap;;
1033;30/09/2023;Makan Siang;61000;Pengeluaran Pribadi;;
1034;30/09/2023;Makan Malam;59000;Pengeluaran Pribadi;;
1035;01/10/2023;Makan Pagi;20000;Pengeluaran Pribadi;;
1036;01/10/2023;Makan Siang;25000;Pengeluaran Pribadi;;
1037;01/10/2023;Makan Malam;23000;Pengeluaran Pribadi;;
1038;01/10/2023;Bensin;18000;Pengeluaran Transportasi;;
1039;02/10/2023;Makan Pagi;21000;Pengeluaran Pribadi;;
1040;02/10/2023;Makan Siang;26000;Pengeluaran Pribadi;;
1041;02/10/2023;Makan Malam;24000;Pengeluaran Pribadi;;
1042;03/10/2023;Kopi;28000;Pengeluaran Pribadi;;
1043;03/10/2023;Makan Pagi;22000;Pengeluaran Pribadi;;
1044;03/10/2023;Makan Siang;27000;Pengeluaran Pribadi;;
1045;03/10/2023;Makan Malam;25000;Pengeluaran Pribadi;;
1046;04/10/2023;Cemilan;30000;Pengeluaran Pribadi;;
1047;04/10/2023;Makan Pagi;23000;Pengeluaran Pribadi;;
1048;04/10/2023;Makan Siang;28000;Pengeluaran Pribadi;;
1049;04/10/2023;Makan Malam;26000;Pengeluaran Pribadi;;
1050;05/10/2023;Skincare;150000;Pengeluaran Pribadi;;
1051;05/10/2023;Bensin;19000;Pengeluaran Transportasi;;
1052;05/10/2023;Makan Pagi;24000;Pengeluaran Pribadi;;
1053;05/10/2023;Makan Siang;29000;Pengeluaran Pribadi;;
1054;05/10/2023;Makan Malam;27000;Pengeluaran Pribadi;;
1055;06/10/2023;Beli Pakaian;135000;Pengeluaran Pribadi;;
1056;06/10/2023;Makan Pagi;25000;Pengeluaran Pribadi;;
1057;06/10/2023;Makan Siang;30000;Pengeluaran Pribadi;;
1058;06/10/2023;Makan Malam;28000;Pengeluaran Pribadi;;
1059;07/10/2023;Air Galon;22000;Pengeluaran Pribadi;;
1060;07/10/2023;Makan Pagi;26000;Pengeluaran Pribadi;;
1061;07/10/2023;Makan Siang;31000;Pengeluaran Pribadi;;
1062;07/10/2023;Makan Malam;29000;Pengeluaran Pribadi;;
1063;08/10/2023;Donasi Kemanusiaan;50000;Pengeluaran Sosial;;
1064;08/10/2023;Cemilan;31000;Pengeluaran Pribadi;;
1065;08/10/2023;Makan Pagi;27000;Pengeluaran Pribadi;;
1066;08/10/2023;Makan Siang;32000;Pengeluaran Pribadi;;
1067;08/10/2023;Makan Malam;30000;Pengeluaran Pribadi;;
1068;09/10/2023;Bensin;20000;Pengeluaran Transportasi;;
1069;09/10/2023;Makan Pagi;28000;Pengeluaran Pribadi;;
1070;09/10/2023;Makan Siang;33000;Pengeluaran Pribadi;;
1071;09/10/2023;Makan Malam;31000;Pengeluaran Pribadi;;
1072;10/10/2023;Nonton Bioskop;140000;Pengeluaran Pribadi;;
1073;10/10/2023;Makan Pagi;29000;Pengeluaran Pribadi;;
1074;10/10/2023;Makan Siang;34000;Pengeluaran Pribadi;;
1075;10/10/2023;Makan Malam;32000;Pengeluaran Pribadi;;
1076;11/10/2023;Bensin;21000;Pengeluaran Transportasi;;
1077;11/10/2023;Kopi;27000;Pengeluaran Pribadi;;
1078;11/10/2023;Makan Pagi;30000;Pengeluaran Pribadi;;
1079;11/10/2023;Makan Siang;35000;Pengeluaran Pribadi;;
1080;11/10/2023;Makan Malam;33000;Pengeluaran Pribadi;;
1081;12/10/2023;Cemilan;32000;Pengeluaran Pribadi;;
1082;12/10/2023;Makan Pagi;31000;Pengeluaran Pribadi;;
1083;12/10/2023;Makan Siang;36000;Pengeluaran Pribadi;;
1084;12/10/2023;Makan Malam;34000;Pengeluaran Pribadi;;
1085;13/10/2023;Bensin;22000;Pengeluaran Transportasi;;
1086;13/10/2023;Makan Pagi;32000;Pengeluaran Pribadi;;
1087;13/10/2023;Makan Siang;37000;Pengeluaran Pribadi;;
1088;13/10/2023;Makan Malam;35000;Pengeluaran Pribadi;;
1089;14/10/2023;Air Galon;23000;Pengeluaran Pribadi;;
1090;14/10/2023;Makan Pagi;33000;Pengeluaran Pribadi;;
1091;14/10/2023;Makan Siang;38000;Pengeluaran Pribadi;;
1092;14/10/2023;Makan Malam;36000;Pengeluaran Pribadi;;
1093;15/10/2023;Donasi Kemanusiaan;95000;Pengeluaran Sosial;;
1094;15/10/2023;Cemilan;33000;Pengeluaran Pribadi;;
1095;15/10/2023;Makan Pagi;34000;Pengeluaran Pribadi;;
1096;15/10/2023;Makan Siang;39000;Pengeluaran Pribadi;;
1097;15/10/2023;Makan Malam;37000;Pengeluaran Pribadi;;
1098;16/10/2023;Bensin;23000;Pengeluaran Transportasi;;
1099;16/10/2023;Makan Pagi;35000;Pengeluaran Pribadi;;
1100;16/10/2023;Makan Siang;40000;Pengeluaran Pribadi;;
1101;16/10/2023;Makan Malam;38000;Pengeluaran Pribadi;;
1102;17/10/2023;Nonton Bioskop;145000;Pengeluaran Pribadi;;
1103;17/10/2023;Makan Pagi;36000;Pengeluaran Pribadi;;
1104;17/10/2023;Makan Siang;41000;Pengeluaran Pribadi;;
1105;17/10/2023;Makan Malam;39000;Pengeluaran Pribadi;;
1106;18/10/2023;Bensin;24000;Pengeluaran Transportasi;;
1107;18/10/2023;Kopi;29000;Pengeluaran Pribadi;;
1108;18/10/2023;Makan Pagi;37000;Pengeluaran Pribadi;;
1109;18/10/2023;Makan Siang;42000;Pengeluaran Pribadi;;
1110;18/10/2023;Makan Malam;40000;Pengeluaran Pribadi;;
1111;19/10/2023;Cemilan;34000;Pengeluaran Pribadi;;
1112;19/10/2023;Makan Pagi;38000;Pengeluaran Pribadi;;
1113;19/10/2023;Makan Siang;43000;Pengeluaran Pribadi;;
1114;19/10/2023;Makan Malam;41000;Pengeluaran Pribadi;;
1115;20/10/2023;Bensin;25000;Pengeluaran Transportasi;;
1116;20/10/2023;Makan Pagi;39000;Pengeluaran Pribadi;;
1117;20/10/2023;Makan Siang;44000;Pengeluaran Pribadi;;
1118;20/10/2023;Makan Malam;42000;Pengeluaran Pribadi;;
1119;21/10/2023;Air Galon;24000;Pengeluaran Pribadi;;
1120;21/10/2023;Makan Pagi;40000;Pengeluaran Pribadi;;
1121;21/10/2023;Makan Siang;45000;Pengeluaran Pribadi;;
1122;21/10/2023;Makan Malam;43000;Pengeluaran Pribadi;;
1123;22/10/2023;Donasi Kemanusiaan;100000;Pengeluaran Sosial;;
1124;22/10/2023;Cemilan;35000;Pengeluaran Pribadi;;
1125;22/10/2023;Makan Pagi;41000;Pengeluaran Pribadi;;
1126;22/10/2023;Makan Siang;46000;Pengeluaran Pribadi;;
1127;22/10/2023;Makan Malam;44000;Pengeluaran Pribadi;;
1128;23/10/2023;Bensin;26000;Pengeluaran Transportasi;;
1129;23/10/2023;Makan Pagi;42000;Pengeluaran Pribadi;;
1130;23/10/2023;Makan Siang;47000;Pengeluaran Pribadi;;
1131;23/10/2023;Makan Malam;45000;Pengeluaran Pribadi;;
1132;24/10/2023;Nonton Bioskop;150000;Pengeluaran Pribadi;;
1133;24/10/2023;Makan Pagi;43000;Pengeluaran Pribadi;;
1134;24/10/2023;Makan Siang;48000;Pengeluaran Pribadi;;
1135;24/10/2023;Makan Malam;46000;Pengeluaran Pribadi;;
1136;25/10/2023;Bensin;27000;Pengeluaran Transportasi;;
1137;25/10/2023;Kopi;31000;Pengeluaran Pribadi;;
1138;25/10/2023;Makan Pagi;44000;Pengeluaran Pribadi;;
1139;25/10/2023;Makan Siang;49000;Pengeluaran Pribadi;;
1140;25/10/2023;Makan Malam;47000;Pengeluaran Pribadi;;
1141;26/10/2023;Cemilan;36000;Pengeluaran Pribadi;;
1142;26/10/2023;Makan Pagi;45000;Pengeluaran Pribadi;;
1143;26/10/2023;Makan Siang;50000;Pengeluaran Pribadi;;
1144;26/10/2023;Makan Malam;48000;Pengeluaran Pribadi;;
1145;27/10/2023;Bensin;28000;Pengeluaran Transportasi;;
1146;27/10/2023;Makan Pagi;46000;Pengeluaran Pribadi;;
1147;27/10/2023;Makan Siang;51000;Pengeluaran Pribadi;;
1148;27/10/2023;Makan Malam;49000;Pengeluaran Pribadi;;
1149;28/10/2023;Air Galon;25000;Pengeluaran Pribadi;;
1150;28/10/2023;Makan Pagi;47000;Pengeluaran Pribadi;;
1151;28/10/2023;Makan Siang;52000;Pengeluaran Pribadi;;
1152;28/10/2023;Makan Malam;50000;Pengeluaran Pribadi;;
1153;29/10/2023;Donasi Kemanusiaan;50000;Pengeluaran Sosial;;
1154;29/10/2023;Cemilan;37000;Pengeluaran Pribadi;;
1155;29/10/2023;Makan Pagi;48000;Pengeluaran Pribadi;;
1156;29/10/2023;Makan Siang;53000;Pengeluaran Pribadi;;
1157;29/10/2023;Makan Malam;51000;Pengeluaran Pribadi;;
1158;30/10/2023;Bensin;29000;Pengeluaran Transportasi;;
1159;30/10/2023;Makan Pagi;49000;Pengeluaran Pribadi;;
1160;30/10/2023;Makan Siang;54000;Pengeluaran Pribadi;;
1161;30/10/2023;Makan Malam;52000;Pengeluaran Pribadi;;
1162;31/10/2023;Nonton Bioskop;155000;Pengeluaran Pribadi;;
1163;31/10/2023;Makan Pagi;50000;Pengeluaran Pribadi;;
1164;31/10/2023;Makan Siang;55000;Pengeluaran Pribadi;;
1165;31/10/2023;Makan Malam;53000;Pengeluaran Pribadi;;
1166;31/10/2023;Bensin;30000;Pengeluaran Transportasi;;
1167;01/11/2023;Makan Pagi;22000;Pengeluaran Pribadi;;
1168;01/11/2023;Makan Siang;27000;Pengeluaran Pribadi;;
1169;01/11/2023;Makan Malam;25000;Pengeluaran Pribadi;;
1170;01/11/2023;Bensin;20000;Pengeluaran Transportasi;;
1171;01/11/2023;Listrik;100000;Pengeluaran Tetap;;
1172;02/11/2023;Makan Pagi;23000;Pengeluaran Pribadi;;
1173;02/11/2023;Makan Siang;28000;Pengeluaran Pribadi;;
1174;02/11/2023;Makan Malam;26000;Pengeluaran Pribadi;;
1175;03/11/2023;Kopi;30000;Pengeluaran Pribadi;;
1176;03/11/2023;Makan Pagi;24000;Pengeluaran Pribadi;;
1177;03/11/2023;Makan Siang;29000;Pengeluaran Pribadi;;
1178;03/11/2023;Makan Malam;27000;Pengeluaran Pribadi;;
1179;04/11/2023;Cemilan;33000;Pengeluaran Pribadi;;
1180;04/11/2023;Makan Pagi;25000;Pengeluaran Pribadi;;
1181;04/11/2023;Makan Siang;30000;Pengeluaran Pribadi;;
1182;04/11/2023;Makan Malam;28000;Pengeluaran Pribadi;;
1183;05/11/2023;Skincare;155000;Pengeluaran Pribadi;;
1184;05/11/2023;Bensin;21000;Pengeluaran Transportasi;;
1185;05/11/2023;Makan Pagi;26000;Pengeluaran Pribadi;;
1186;05/11/2023;Makan Siang;31000;Pengeluaran Pribadi;;
1187;05/11/2023;Makan Malam;29000;Pengeluaran Pribadi;;
1188;06/11/2023;Beli Pakaian;140000;Pengeluaran Pribadi;;
1189;06/11/2023;Makan Pagi;27000;Pengeluaran Pribadi;;
1190;06/11/2023;Makan Siang;32000;Pengeluaran Pribadi;;
1191;06/11/2023;Makan Malam;30000;Pengeluaran Pribadi;;
1192;07/11/2023;Air Galon;23000;Pengeluaran Pribadi;;
1193;07/11/2023;Makan Pagi;28000;Pengeluaran Pribadi;;
1194;07/11/2023;Makan Siang;33000;Pengeluaran Pribadi;;
1195;07/11/2023;Makan Malam;31000;Pengeluaran Pribadi;;
1196;08/11/2023;Donasi Kemanusiaan;100000;Pengeluaran Sosial;;
1197;08/11/2023;Cemilan;34000;Pengeluaran Pribadi;;
1198;08/11/2023;Makan Pagi;29000;Pengeluaran Pribadi;;
1199;08/11/2023;Makan Siang;34000;Pengeluaran Pribadi;;
1200;08/11/2023;Makan Malam;32000;Pengeluaran Pribadi;;
1201;09/11/2023;Bensin;22000;Pengeluaran Transportasi;;
1202;09/11/2023;Makan Pagi;30000;Pengeluaran Pribadi;;
1203;09/11/2023;Makan Siang;35000;Pengeluaran Pribadi;;
1204;09/11/2023;Makan Malam;33000;Pengeluaran Pribadi;;
1205;10/11/2023;Nonton Bioskop;145000;Pengeluaran Pribadi;;
1206;10/11/2023;Makan Pagi;31000;Pengeluaran Pribadi;;
1207;10/11/2023;Makan Siang;36000;Pengeluaran Pribadi;;
1208;10/11/2023;Makan Malam;34000;Pengeluaran Pribadi;;
1209;11/11/2023;Bensin;23000;Pengeluaran Transportasi;;
1210;11/11/2023;Kopi;28000;Pengeluaran Pribadi;;
1211;11/11/2023;Makan Pagi;32000;Pengeluaran Pribadi;;
1212;11/11/2023;Makan Siang;37000;Pengeluaran Pribadi;;
1213;11/11/2023;Makan Malam;35000;Pengeluaran Pribadi;;
1214;12/11/2023;Cemilan;35000;Pengeluaran Pribadi;;
1215;12/11/2023;Makan Pagi;33000;Pengeluaran Pribadi;;
1216;12/11/2023;Makan Siang;38000;Pengeluaran Pribadi;;
1217;12/11/2023;Makan Malam;36000;Pengeluaran Pribadi;;
1218;13/11/2023;Bensin;24000;Pengeluaran Transportasi;;
1219;13/11/2023;Makan Pagi;34000;Pengeluaran Pribadi;;
1220;13/11/2023;Makan Siang;39000;Pengeluaran Pribadi;;
1221;13/11/2023;Makan Malam;37000;Pengeluaran Pribadi;;
1222;14/11/2023;Air Galon;24000;Pengeluaran Pribadi;;
1223;14/11/2023;Makan Pagi;35000;Pengeluaran Pribadi;;
1224;14/11/2023;Makan Siang;40000;Pengeluaran Pribadi;;
1225;14/11/2023;Makan Malam;38000;Pengeluaran Pribadi;;
1226;15/11/2023;Donasi Kemanusiaan;100000;Pengeluaran Sosial;;
1227;15/11/2023;Cemilan;36000;Pengeluaran Pribadi;;
1228;15/11/2023;Makan Pagi;36000;Pengeluaran Pribadi;;
1229;15/11/2023;Makan Siang;41000;Pengeluaran Pribadi;;
1230;15/11/2023;Makan Malam;39000;Pengeluaran Pribadi;;
1231;16/11/2023;Bensin;25000;Pengeluaran Transportasi;;
1232;17/11/2023;Listrik;100000;Pengeluaran Tetap;;
1233;18/11/2023;Makan Pagi;37000;Pengeluaran Pribadi;;
1234;18/11/2023;Makan Siang;42000;Pengeluaran Pribadi;;
1235;18/11/2023;Makan Malam;40000;Pengeluaran Pribadi;;
1236;19/11/2023;Bensin;26000;Pengeluaran Transportasi;;
1237;19/11/2023;Kopi;30000;Pengeluaran Pribadi;;
1238;19/11/2023;Makan Pagi;38000;Pengeluaran Pribadi;;
1239;19/11/2023;Makan Siang;43000;Pengeluaran Pribadi;;
1240;19/11/2023;Makan Malam;41000;Pengeluaran Pribadi;;
1241;20/11/2023;Air Galon;25000;Pengeluaran Pribadi;;
1242;20/11/2023;Makan Pagi;38000;Pengeluaran Pribadi;;
1243;20/11/2023;Makan Siang;44000;Pengeluaran Pribadi;;
1244;20/11/2023;Makan Malam;42000;Pengeluaran Pribadi;;
1245;21/11/2023;Listrik;100000;Pengeluaran Tetap;;
1246;22/11/2023;Donasi Kemanusiaan;50000;Pengeluaran Sosial;;
1247;22/11/2023;Cemilan;38000;Pengeluaran Pribadi;;
1248;22/11/2023;Makan Pagi;39000;Pengeluaran Pribadi;;
1249;22/11/2023;Makan Siang;45000;Pengeluaran Pribadi;;
1250;22/11/2023;Makan Malam;43000;Pengeluaran Pribadi;;
1251;23/11/2023;Bensin;27000;Pengeluaran Transportasi;;
1252;23/11/2023;Makan Pagi;40000;Pengeluaran Pribadi;;
1253;23/11/2023;Makan Siang;46000;Pengeluaran Pribadi;;
1254;23/11/2023;Makan Malam;44000;Pengeluaran Pribadi;;
1255;24/11/2023;Cemilan;40000;Pengeluaran Pribadi;;
1256;24/11/2023;Makan Pagi;41000;Pengeluaran Pribadi;;
1257;24/11/2023;Makan Siang;47000;Pengeluaran Pribadi;;
1258;24/11/2023;Makan Malam;45000;Pengeluaran Pribadi;;
1259;25/11/2023;Listrik;100000;Pengeluaran Tetap;;
1260;25/11/2023;Bensin;28000;Pengeluaran Transportasi;;
1261;25/11/2023;Makan Pagi;42000;Pengeluaran Pribadi;;
1262;25/11/2023;Makan Siang;48000;Pengeluaran Pribadi;;
1263;25/11/2023;Makan Malam;46000;Pengeluaran Pribadi;;
1264;26/11/2023;Donasi Kemanusiaan;50000;Pengeluaran Sosial;;
1265;26/11/2023;Makan Pagi;43000;Pengeluaran Pribadi;;
1266;26/11/2023;Makan Siang;49000;Pengeluaran Pribadi;;
1267;26/11/2023;Makan Malam;47000;Pengeluaran Pribadi;;
1268;27/11/2023;Air Galon;26000;Pengeluaran Pribadi;;
1269;27/11/2023;Makan Pagi;44000;Pengeluaran Pribadi;;
1270;27/11/2023;Makan Siang;50000;Pengeluaran Pribadi;;
1271;27/11/2023;Makan Malam;48000;Pengeluaran Pribadi;;
1272;28/11/2023;Listrik;100000;Pengeluaran Tetap;;
1273;29/11/2023;Bensin;29000;Pengeluaran Transportasi;;
1274;29/11/2023;Cemilan;42000;Pengeluaran Pribadi;;
1275;29/11/2023;Makan Pagi;45000;Pengeluaran Pribadi;;
1276;29/11/2023;Makan Siang;51000;Pengeluaran Pribadi;;
1277;29/11/2023;Makan Malam;49000;Pengeluaran Pribadi;;
1278;30/11/2023;Donasi Kemanusiaan;50000;Pengeluaran Sosial;;
1279;01/12/2023;Makan Pagi;21000;Pengeluaran Pribadi;;
1280;01/12/2023;Makan Siang;26000;Pengeluaran Pribadi;;
1281;01/12/2023;Makan Malam;22000;Pengeluaran Pribadi;;
1282;01/12/2023;Bensin;18000;Pengeluaran Transportasi;;
1283;01/12/2023;Listrik;100000;Pengeluaran Tetap;;
1284;02/12/2023;Makan Pagi;22000;Pengeluaran Pribadi;;
1285;02/12/2023;Makan Siang;27000;Pengeluaran Pribadi;;
1286;02/12/2023;Makan Malam;23000;Pengeluaran Pribadi;;
1287;03/12/2023;Kopi;28000;Pengeluaran Pribadi;;
1288;03/12/2023;Makan Pagi;23000;Pengeluaran Pribadi;;
1289;03/12/2023;Makan Siang;28000;Pengeluaran Pribadi;;
1290;03/12/2023;Makan Malam;24000;Pengeluaran Pribadi;;
1291;04/12/2023;Cemilan;30000;Pengeluaran Pribadi;;
1292;04/12/2023;Makan Pagi;24000;Pengeluaran Pribadi;;
1293;04/12/2023;Makan Siang;29000;Pengeluaran Pribadi;;
1294;04/12/2023;Makan Malam;25000;Pengeluaran Pribadi;;
1295;05/12/2023;Skincare;150000;Pengeluaran Pribadi;;
1296;05/12/2023;Bensin;19000;Pengeluaran Transportasi;;
1297;05/12/2023;Makan Pagi;25000;Pengeluaran Pribadi;;
1298;05/12/2023;Makan Siang;30000;Pengeluaran Pribadi;;
1299;05/12/2023;Makan Malam;26000;Pengeluaran Pribadi;;
1300;06/12/2023;Beli Pakaian;130000;Pengeluaran Pribadi;;
1301;06/12/2023;Makan Pagi;26000;Pengeluaran Pribadi;;
1302;06/12/2023;Makan Siang;31000;Pengeluaran Pribadi;;
1303;06/12/2023;Makan Malam;27000;Pengeluaran Pribadi;;
1304;07/12/2023;Kuota Internet;60000;Pengeluaran Pribadi;;
1305;07/12/2023;Air Galon;22000;Pengeluaran Pribadi;;
1306;07/12/2023;Makan Pagi;27000;Pengeluaran Pribadi;;
1307;07/12/2023;Makan Siang;32000;Pengeluaran Pribadi;;
1308;07/12/2023;Makan Malam;28000;Pengeluaran Pribadi;;
1309;08/12/2023;Donasi Kemanusiaan;90000;Pengeluaran Sosial;;
1310;08/12/2023;Cemilan;32000;Pengeluaran Pribadi;;
1311;08/12/2023;Makan Pagi;28000;Pengeluaran Pribadi;;
1312;08/12/2023;Makan Siang;33000;Pengeluaran Pribadi;;
1313;08/12/2023;Makan Malam;30000;Pengeluaran Pribadi;;
1314;09/12/2023;Bensin;20000;Pengeluaran Transportasi;;
1315;09/12/2023;Makan Pagi;29000;Pengeluaran Pribadi;;
1316;09/12/2023;Makan Siang;34000;Pengeluaran Pribadi;;
1317;09/12/2023;Makan Malam;31000;Pengeluaran Pribadi;;
1318;10/12/2023;Nonton Bioskop;130000;Pengeluaran Pribadi;;
1319;10/12/2023;Makan Pagi;30000;Pengeluaran Pribadi;;
1320;10/12/2023;Makan Siang;35000;Pengeluaran Pribadi;;
1321;10/12/2023;Makan Malam;32000;Pengeluaran Pribadi;;
1322;11/12/2023;Bensin;21000;Pengeluaran Transportasi;;
1323;11/12/2023;Kopi;27000;Pengeluaran Pribadi;;
1324;11/12/2023;Makan Pagi;31000;Pengeluaran Pribadi;;
1325;11/12/2023;Makan Siang;36000;Pengeluaran Pribadi;;
1326;11/12/2023;Makan Malam;33000;Pengeluaran Pribadi;;
1327;12/12/2023;Cemilan;33000;Pengeluaran Pribadi;;
1328;12/12/2023;Makan Pagi;32000;Pengeluaran Pribadi;;
1329;12/12/2023;Makan Siang;37000;Pengeluaran Pribadi;;
1330;12/12/2023;Makan Malam;35000;Pengeluaran Pribadi;;
1331;13/12/2023;Bensin;22000;Pengeluaran Transportasi;;
1332;13/12/2023;Makan Pagi;32000;Pengeluaran Pribadi;;
1333;13/12/2023;Makan Siang;38000;Pengeluaran Pribadi;;
1334;13/12/2023;Makan Malam;36000;Pengeluaran Pribadi;;
1335;14/12/2023;Air Galon;23000;Pengeluaran Pribadi;;
1336;14/12/2023;Makan Pagi;33000;Pengeluaran Pribadi;;
1337;14/12/2023;Makan Siang;39000;Pengeluaran Pribadi;;
1338;14/12/2023;Makan Malam;37000;Pengeluaran Pribadi;;
1339;15/12/2023;Donasi Kemanusiaan;95000;Pengeluaran Sosial;;
1340;15/12/2023;Cemilan;35000;Pengeluaran Pribadi;;
1341;15/12/2023;Makan Pagi;34000;Pengeluaran Pribadi;;
1342;15/12/2023;Makan Siang;40000;Pengeluaran Pribadi;;
1343;15/12/2023;Makan Malam;38000;Pengeluaran Pribadi;;
1344;16/12/2023;Bensin;22000;Pengeluaran Transportasi;;
1345;16/12/2023;Makan Pagi;32000;Pengeluaran Pribadi;;
1346;16/12/2023;Makan Siang;38000;Pengeluaran Pribadi;;
1347;16/12/2023;Makan Malam;34000;Pengeluaran Pribadi;;
1348;17/12/2023;Listrik;100000;Pengeluaran Tetap;;
1349;18/12/2023;Sewa Kos;1400000;Pengeluaran Tetap;;
1350;19/12/2023;Makan Pagi;29000;Pengeluaran Pribadi;;
1351;19/12/2023;Makan Siang;37000;Pengeluaran Pribadi;;
1352;19/12/2023;Makan Malam;35000;Pengeluaran Pribadi;;
1353;20/12/2023;Bensin;23000;Pengeluaran Transportasi;;
1354;20/12/2023;Makan Pagi;30000;Pengeluaran Pribadi;;
1355;20/12/2023;Makan Siang;38000;Pengeluaran Pribadi;;
1356;20/12/2023;Makan Malam;33000;Pengeluaran Pribadi;;
1357;21/12/2023;Cemilan;36000;Pengeluaran Pribadi;;
1358;21/12/2023;Makan Pagi;31000;Pengeluaran Pribadi;;
1359;21/12/2023;Makan Siang;39000;Pengeluaran Pribadi;;
1360;21/12/2023;Makan Malam;34000;Pengeluaran Pribadi;;
1361;22/12/2023;Kuota Internet;60000;Pengeluaran Pribadi;;
1362;22/12/2023;Makan Pagi;32000;Pengeluaran Pribadi;;
1363;22/12/2023;Makan Siang;40000;Pengeluaran Pribadi;;
1364;22/12/2023;Makan Malam;36000;Pengeluaran Pribadi;;
1365;23/12/2023;Donasi Kemanusiaan;100000;Pengeluaran Sosial;;
1366;23/12/2023;Cemilan;34000;Pengeluaran Pribadi;;
1367;23/12/2023;Makan Pagi;31000;Pengeluaran Pribadi;;
1368;23/12/2023;Makan Siang;37000;Pengeluaran Pribadi;;
1369;23/12/2023;Makan Malam;34000;Pengeluaran Pribadi;;
1370;24/12/2023;Bensin;21000;Pengeluaran Transportasi;;
1371;24/12/2023;Makan Pagi;30000;Pengeluaran Pribadi;;
1372;24/12/2023;Makan Siang;34000;Pengeluaran Pribadi;;
1373;24/12/2023;Makan Malam;31000;Pengeluaran Pribadi;;
1374;25/12/2023;Listrik;100000;Pengeluaran Tetap;;
1375;26/12/2023;Kuota Internet;60000;Pengeluaran Pribadi;;
1376;26/12/2023;Makan Pagi;28000;Pengeluaran Pribadi;;
1377;26/12/2023;Makan Siang;35000;Pengeluaran Pribadi;;
1378;26/12/2023;Makan Malam;32000;Pengeluaran Pribadi;;
1379;27/12/2023;Sewa Kos;1400000;Pengeluaran Tetap;;
1380;27/12/2023;Makan Pagi;30000;Pengeluaran Pribadi;;
1381;27/12/2023;Makan Siang;36000;Pengeluaran Pribadi;;
1382;27/12/2023;Makan Malam;33000;Pengeluaran Pribadi;;
1383;28/12/2023;Bensin;20000;Pengeluaran Transportasi;;
1384;28/12/2023;Makan Pagi;29000;Pengeluaran Pribadi;;
1385;28/12/2023;Makan Siang;34000;Pengeluaran Pribadi;;
1386;28/12/2023;Makan Malam;30000;Pengeluaran Pribadi;;
1387;29/12/2023;Donasi Kemanusiaan;105000;Pengeluaran Sosial;;
1388;29/12/2023;Makan Pagi;31000;Pengeluaran Pribadi;;
1389;29/12/2023;Makan Siang;37000;Pengeluaran Pribadi;;
1390;29/12/2023;Makan Malam;32000;Pengeluaran Pribadi;;
1391;30/12/2023;Cemilan;35000;Pengeluaran Pribadi;;
1392;30/12/2023;Makan Pagi;33000;Pengeluaran Pribadi;;
1393;30/12/2023;Makan Siang;39000;Pengeluaran Pribadi;;
1394;30/12/2023;Makan Malam;35000;Pengeluaran Pribadi;;
1395;31/12/2023;Nonton Bioskop;125000;Pengeluaran Pribadi;;
